algorithm,operation,run_number,memory_bytes
HQC-128,keygen,1,1605632
HQC-128,keygen,2,1572864
HQC-128,keygen,3,1605632
HQC-128,keygen,4,1605632
HQC-128,keygen,5,1605632
HQC-128,keygen,6,1572864
HQC-128,keygen,7,1605632
HQC-128,keygen,8,1605632
HQC-128,keygen,9,1572864
HQC-128,keygen,10,1605632
HQC-128,keygen,11,1605632
HQC-128,keygen,12,1605632
HQC-128,keygen,13,1605632
HQC-128,keygen,14,1605632
HQC-128,keygen,15,1605632
HQC-128,keygen,16,1605632
HQC-128,keygen,17,1671168
HQC-128,keygen,18,1605632
HQC-128,keygen,19,1605632
HQC-128,keygen,20,1572864
HQC-128,keygen,21,1572864
HQC-128,keygen,22,1605632
HQC-128,keygen,23,1605632
HQC-128,keygen,24,1605632
HQC-128,keygen,25,1605632
HQC-128,keygen,26,1605632
HQC-128,keygen,27,1736704
HQC-128,keygen,28,1605632
HQC-128,keygen,29,1572864
HQC-128,keygen,30,1605632
HQC-128,keygen,31,1605632
HQC-128,keygen,32,1572864
HQC-128,keygen,33,1605632
HQC-128,keygen,34,1605632
HQC-128,keygen,35,1605632
HQC-128,keygen,36,1572864
HQC-128,keygen,37,1605632
HQC-128,keygen,38,1605632
HQC-128,keygen,39,1638400
HQC-128,keygen,40,1572864
HQC-128,keygen,41,1572864
HQC-128,keygen,42,1572864
HQC-128,keygen,43,1605632
HQC-128,keygen,44,1572864
HQC-128,keygen,45,1605632
HQC-128,keygen,46,1605632
HQC-128,keygen,47,1605632
HQC-128,keygen,48,1605632
HQC-128,keygen,49,1605632
HQC-128,keygen,50,1605632
HQC-128,keygen,51,1638400
HQC-128,keygen,52,1605632
HQC-128,keygen,53,1605632
HQC-128,keygen,54,1605632
HQC-128,keygen,55,1572864
HQC-128,keygen,56,1605632
HQC-128,keygen,57,1572864
HQC-128,keygen,58,1572864
HQC-128,keygen,59,1605632
HQC-128,keygen,60,1605632
HQC-128,keygen,61,1654784
HQC-128,keygen,62,1605632
HQC-128,keygen,63,1605632
HQC-128,keygen,64,1605632
HQC-128,keygen,65,1605632
HQC-128,keygen,66,1671168
HQC-128,keygen,67,1605632
HQC-128,keygen,68,1605632
HQC-128,keygen,69,1605632
HQC-128,keygen,70,1572864
HQC-128,keygen,71,1605632
HQC-128,keygen,72,1605632
HQC-128,keygen,73,1605632
HQC-128,keygen,74,1572864
HQC-128,keygen,75,1572864
HQC-128,keygen,76,1638400
HQC-128,keygen,77,1605632
HQC-128,keygen,78,1605632
HQC-128,keygen,79,1605632
HQC-128,keygen,80,1605632
HQC-128,keygen,81,1605632
HQC-128,keygen,82,1605632
HQC-128,keygen,83,1605632
HQC-128,keygen,84,1605632
HQC-128,keygen,85,1605632
HQC-128,keygen,86,1605632
HQC-128,keygen,87,1605632
HQC-128,keygen,88,1605632
HQC-128,keygen,89,1572864
HQC-128,keygen,90,1605632
HQC-128,keygen,91,1605632
HQC-128,keygen,92,1605632
HQC-128,keygen,93,1605632
HQC-128,keygen,94,1572864
HQC-128,keygen,95,1605632
HQC-128,keygen,96,1605632
HQC-128,keygen,97,1605632
HQC-128,keygen,98,1572864
HQC-128,keygen,99,1605632
HQC-128,keygen,100,1605632
HQC-128,keygen,101,1605632
HQC-128,keygen,102,1605632
HQC-128,keygen,103,1572864
HQC-128,keygen,104,1572864
HQC-128,keygen,105,1605632
HQC-128,keygen,106,1572864
HQC-128,keygen,107,1605632
HQC-128,keygen,108,1638400
HQC-128,keygen,109,1605632
HQC-128,keygen,110,1605632
HQC-128,keygen,111,1605632
HQC-128,keygen,112,1605632
HQC-128,keygen,113,1605632
HQC-128,keygen,114,1605632
HQC-128,keygen,115,1605632
HQC-128,keygen,116,1605632
HQC-128,keygen,117,1605632
HQC-128,keygen,118,1703936
HQC-128,keygen,119,1605632
HQC-128,keygen,120,1605632
HQC-128,keygen,121,1605632
HQC-128,keygen,122,1605632
HQC-128,keygen,123,1605632
HQC-128,keygen,124,1605632
HQC-128,keygen,125,1605632
HQC-128,keygen,126,1605632
HQC-128,keygen,127,1605632
HQC-128,keygen,128,1572864
HQC-128,keygen,129,1572864
HQC-128,keygen,130,1638400
HQC-128,keygen,131,1605632
HQC-128,keygen,132,1572864
HQC-128,keygen,133,1605632
HQC-128,keygen,134,1572864
HQC-128,keygen,135,1605632
HQC-128,keygen,136,1605632
HQC-128,keygen,137,1605632
HQC-128,keygen,138,1605632
HQC-128,keygen,139,1572864
HQC-128,keygen,140,1605632
HQC-128,keygen,141,1572864
HQC-128,keygen,142,1605632
HQC-128,keygen,143,1638400
HQC-128,keygen,144,1638400
HQC-128,keygen,145,1605632
HQC-128,keygen,146,1572864
HQC-128,keygen,147,1605632
HQC-128,keygen,148,1572864
HQC-128,keygen,149,1605632
HQC-128,keygen,150,1605632
HQC-128,keygen,151,1605632
HQC-128,keygen,152,1605632
HQC-128,keygen,153,1605632
HQC-128,keygen,154,1605632
HQC-128,keygen,155,1605632
HQC-128,keygen,156,1605632
HQC-128,keygen,157,1605632
HQC-128,keygen,158,1605632
HQC-128,keygen,159,1605632
HQC-128,keygen,160,1605632
HQC-128,keygen,161,1605632
HQC-128,keygen,162,1572864
HQC-128,keygen,163,1605632
HQC-128,keygen,164,1605632
HQC-128,keygen,165,1605632
HQC-128,keygen,166,1605632
HQC-128,keygen,167,1572864
HQC-128,keygen,168,1572864
HQC-128,keygen,169,1605632
HQC-128,keygen,170,1605632
HQC-128,keygen,171,1605632
HQC-128,keygen,172,1605632
HQC-128,keygen,173,1605632
HQC-128,keygen,174,1605632
HQC-128,keygen,175,1605632
HQC-128,keygen,176,1605632
HQC-128,keygen,177,1572864
HQC-128,keygen,178,1572864
HQC-128,keygen,179,1572864
HQC-128,keygen,180,1605632
HQC-128,keygen,181,1605632
HQC-128,keygen,182,1605632
HQC-128,keygen,183,1572864
HQC-128,keygen,184,1572864
HQC-128,keygen,185,1605632
HQC-128,keygen,186,1605632
HQC-128,keygen,187,1605632
HQC-128,keygen,188,1605632
HQC-128,keygen,189,1605632
HQC-128,keygen,190,1605632
HQC-128,keygen,191,1605632
HQC-128,keygen,192,1605632
HQC-128,keygen,193,1605632
HQC-128,keygen,194,1572864
HQC-128,keygen,195,1572864
HQC-128,keygen,196,1605632
HQC-128,keygen,197,1572864
HQC-128,keygen,198,1605632
HQC-128,keygen,199,1638400
HQC-128,keygen,200,1605632
HQC-128,keygen,201,1605632
HQC-128,keygen,202,1605632
HQC-128,keygen,203,1605632
HQC-128,keygen,204,1638400
HQC-128,keygen,205,1605632
HQC-128,keygen,206,1572864
HQC-128,keygen,207,1605632
HQC-128,keygen,208,1572864
HQC-128,keygen,209,1572864
HQC-128,keygen,210,1605632
HQC-128,keygen,211,1572864
HQC-128,keygen,212,1605632
HQC-128,keygen,213,1605632
HQC-128,keygen,214,1572864
HQC-128,keygen,215,1572864
HQC-128,keygen,216,1605632
HQC-128,keygen,217,1605632
HQC-128,keygen,218,1605632
HQC-128,keygen,219,1605632
HQC-128,keygen,220,1572864
HQC-128,keygen,221,1572864
HQC-128,keygen,222,1605632
HQC-128,keygen,223,1605632
HQC-128,keygen,224,1605632
HQC-128,keygen,225,1572864
HQC-128,keygen,226,1605632
HQC-128,keygen,227,1572864
HQC-128,keygen,228,1605632
HQC-128,keygen,229,1572864
HQC-128,keygen,230,1572864
HQC-128,keygen,231,1572864
HQC-128,keygen,232,1605632
HQC-128,keygen,233,1605632
HQC-128,keygen,234,1638400
HQC-128,keygen,235,1605632
HQC-128,keygen,236,1605632
HQC-128,keygen,237,1605632
HQC-128,keygen,238,1605632
HQC-128,keygen,239,1605632
HQC-128,keygen,240,1605632
HQC-128,keygen,241,1605632
HQC-128,keygen,242,1572864
HQC-128,keygen,243,1605632
HQC-128,keygen,244,1572864
HQC-128,keygen,245,1605632
HQC-128,keygen,246,1605632
HQC-128,keygen,247,1605632
HQC-128,keygen,248,1605632
HQC-128,keygen,249,1605632
HQC-128,keygen,250,1572864
HQC-128,keygen,251,1572864
HQC-128,keygen,252,1605632
HQC-128,keygen,253,1605632
HQC-128,keygen,254,1572864
HQC-128,keygen,255,1572864
HQC-128,keygen,256,1572864
HQC-128,keygen,257,1605632
HQC-128,keygen,258,1605632
HQC-128,keygen,259,1572864
HQC-128,keygen,260,1605632
HQC-128,keygen,261,1605632
HQC-128,keygen,262,1605632
HQC-128,keygen,263,1605632
HQC-128,keygen,264,1605632
HQC-128,keygen,265,1605632
HQC-128,keygen,266,1605632
HQC-128,keygen,267,1605632
HQC-128,keygen,268,1605632
HQC-128,keygen,269,1605632
HQC-128,keygen,270,1605632
HQC-128,keygen,271,1572864
HQC-128,keygen,272,1605632
HQC-128,keygen,273,1638400
HQC-128,keygen,274,1572864
HQC-128,keygen,275,1572864
HQC-128,keygen,276,1605632
HQC-128,keygen,277,1605632
HQC-128,keygen,278,1605632
HQC-128,keygen,279,1605632
HQC-128,keygen,280,1572864
HQC-128,keygen,281,1605632
HQC-128,keygen,282,1605632
HQC-128,keygen,283,1605632
HQC-128,keygen,284,1605632
HQC-128,keygen,285,1605632
HQC-128,keygen,286,1572864
HQC-128,keygen,287,1605632
HQC-128,keygen,288,1605632
HQC-128,keygen,289,1605632
HQC-128,keygen,290,1605632
HQC-128,keygen,291,1605632
HQC-128,keygen,292,1605632
HQC-128,keygen,293,1605632
HQC-128,keygen,294,1605632
HQC-128,keygen,295,1605632
HQC-128,keygen,296,1605632
HQC-128,keygen,297,1605632
HQC-128,keygen,298,1605632
HQC-128,keygen,299,1605632
HQC-128,keygen,300,1605632
HQC-128,keygen,301,1605632
HQC-128,keygen,302,1605632
HQC-128,keygen,303,1605632
HQC-128,keygen,304,1605632
HQC-128,keygen,305,1605632
HQC-128,keygen,306,1605632
HQC-128,keygen,307,1605632
HQC-128,keygen,308,1605632
HQC-128,keygen,309,1572864
HQC-128,keygen,310,1605632
HQC-128,keygen,311,1605632
HQC-128,keygen,312,1605632
HQC-128,keygen,313,1605632
HQC-128,keygen,314,1605632
HQC-128,keygen,315,1605632
HQC-128,keygen,316,1572864
HQC-128,keygen,317,1605632
HQC-128,keygen,318,1638400
HQC-128,keygen,319,1605632
HQC-128,keygen,320,1572864
HQC-128,keygen,321,1605632
HQC-128,keygen,322,1605632
HQC-128,keygen,323,1605632
HQC-128,keygen,324,1572864
HQC-128,keygen,325,1605632
HQC-128,keygen,326,1572864
HQC-128,keygen,327,1605632
HQC-128,keygen,328,1605632
HQC-128,keygen,329,1605632
HQC-128,keygen,330,1605632
HQC-128,keygen,331,1572864
HQC-128,keygen,332,1605632
HQC-128,keygen,333,1605632
HQC-128,keygen,334,1605632
HQC-128,keygen,335,1605632
HQC-128,keygen,336,1605632
HQC-128,keygen,337,1605632
HQC-128,keygen,338,1605632
HQC-128,keygen,339,1605632
HQC-128,keygen,340,1605632
HQC-128,keygen,341,1572864
HQC-128,keygen,342,1572864
HQC-128,keygen,343,1605632
HQC-128,keygen,344,1605632
HQC-128,keygen,345,1605632
HQC-128,keygen,346,1572864
HQC-128,keygen,347,1605632
HQC-128,keygen,348,1572864
HQC-128,keygen,349,1605632
HQC-128,keygen,350,1605632
HQC-128,keygen,351,1605632
HQC-128,keygen,352,1605632
HQC-128,keygen,353,1605632
HQC-128,keygen,354,1605632
HQC-128,keygen,355,1605632
HQC-128,keygen,356,1605632
HQC-128,keygen,357,1605632
HQC-128,keygen,358,1605632
HQC-128,keygen,359,1605632
HQC-128,keygen,360,1605632
HQC-128,keygen,361,1605632
HQC-128,keygen,362,1605632
HQC-128,keygen,363,1605632
HQC-128,keygen,364,1605632
HQC-128,keygen,365,1605632
HQC-128,keygen,366,1572864
HQC-128,keygen,367,1605632
HQC-128,keygen,368,1572864
HQC-128,keygen,369,1605632
HQC-128,keygen,370,1605632
HQC-128,keygen,371,1572864
HQC-128,keygen,372,1605632
HQC-128,keygen,373,1605632
HQC-128,keygen,374,1605632
HQC-128,keygen,375,1605632
HQC-128,keygen,376,1605632
HQC-128,keygen,377,1605632
HQC-128,keygen,378,1572864
HQC-128,keygen,379,1605632
HQC-128,keygen,380,1605632
HQC-128,keygen,381,1572864
HQC-128,keygen,382,1671168
HQC-128,keygen,383,1605632
HQC-128,keygen,384,1572864
HQC-128,keygen,385,1605632
HQC-128,keygen,386,1572864
HQC-128,keygen,387,1605632
HQC-128,keygen,388,1605632
HQC-128,keygen,389,1605632
HQC-128,keygen,390,1605632
HQC-128,keygen,391,1605632
HQC-128,keygen,392,1605632
HQC-128,keygen,393,1605632
HQC-128,keygen,394,1605632
HQC-128,keygen,395,1605632
HQC-128,keygen,396,1605632
HQC-128,keygen,397,1572864
HQC-128,keygen,398,1605632
HQC-128,keygen,399,1605632
HQC-128,keygen,400,1605632
HQC-128,keygen,401,1605632
HQC-128,keygen,402,1605632
HQC-128,keygen,403,1605632
HQC-128,keygen,404,1605632
HQC-128,keygen,405,1605632
HQC-128,keygen,406,1605632
HQC-128,keygen,407,1572864
HQC-128,keygen,408,1605632
HQC-128,keygen,409,1605632
HQC-128,keygen,410,1572864
HQC-128,keygen,411,1605632
HQC-128,keygen,412,1605632
HQC-128,keygen,413,1605632
HQC-128,keygen,414,1605632
HQC-128,keygen,415,1572864
HQC-128,keygen,416,1572864
HQC-128,keygen,417,1605632
HQC-128,keygen,418,1572864
HQC-128,keygen,419,1605632
HQC-128,keygen,420,1572864
HQC-128,keygen,421,1605632
HQC-128,keygen,422,1605632
HQC-128,keygen,423,1572864
HQC-128,keygen,424,1605632
HQC-128,keygen,425,1605632
HQC-128,keygen,426,1572864
HQC-128,keygen,427,1605632
HQC-128,keygen,428,1605632
HQC-128,keygen,429,1572864
HQC-128,keygen,430,1605632
HQC-128,keygen,431,1605632
HQC-128,keygen,432,1572864
HQC-128,keygen,433,1605632
HQC-128,keygen,434,1605632
HQC-128,keygen,435,1605632
HQC-128,keygen,436,1605632
HQC-128,keygen,437,1605632
HQC-128,keygen,438,1605632
HQC-128,keygen,439,1605632
HQC-128,keygen,440,1605632
HQC-128,keygen,441,1605632
HQC-128,keygen,442,1605632
HQC-128,keygen,443,1605632
HQC-128,keygen,444,1605632
HQC-128,keygen,445,1572864
HQC-128,keygen,446,1703936
HQC-128,keygen,447,1572864
HQC-128,keygen,448,1572864
HQC-128,keygen,449,1605632
HQC-128,keygen,450,1605632
HQC-128,keygen,451,1605632
HQC-128,keygen,452,1605632
HQC-128,keygen,453,1703936
HQC-128,keygen,454,1605632
HQC-128,keygen,455,1605632
HQC-128,keygen,456,1605632
HQC-128,keygen,457,1605632
HQC-128,keygen,458,1572864
HQC-128,keygen,459,1605632
HQC-128,keygen,460,1605632
HQC-128,keygen,461,1572864
HQC-128,keygen,462,1605632
HQC-128,keygen,463,1605632
HQC-128,keygen,464,1572864
HQC-128,keygen,465,1572864
HQC-128,keygen,466,1572864
HQC-128,keygen,467,1605632
HQC-128,keygen,468,1605632
HQC-128,keygen,469,1605632
HQC-128,keygen,470,1605632
HQC-128,keygen,471,1605632
HQC-128,keygen,472,1605632
HQC-128,keygen,473,1572864
HQC-128,keygen,474,1572864
HQC-128,keygen,475,1605632
HQC-128,keygen,476,1572864
HQC-128,keygen,477,1605632
HQC-128,keygen,478,1605632
HQC-128,keygen,479,1605632
HQC-128,keygen,480,1572864
HQC-128,keygen,481,1605632
HQC-128,keygen,482,1572864
HQC-128,keygen,483,1605632
HQC-128,keygen,484,1605632
HQC-128,keygen,485,1605632
HQC-128,keygen,486,1605632
HQC-128,keygen,487,1605632
HQC-128,keygen,488,1605632
HQC-128,keygen,489,1605632
HQC-128,keygen,490,1605632
HQC-128,keygen,491,1605632
HQC-128,keygen,492,1605632
HQC-128,keygen,493,1605632
HQC-128,keygen,494,1605632
HQC-128,keygen,495,1605632
HQC-128,keygen,496,1605632
HQC-128,keygen,497,1572864
HQC-128,keygen,498,1605632
HQC-128,keygen,499,1572864
HQC-128,keygen,500,1605632
HQC-128,keygen,501,1605632
HQC-128,keygen,502,1605632
HQC-128,keygen,503,1605632
HQC-128,keygen,504,1605632
HQC-128,keygen,505,1572864
HQC-128,keygen,506,1605632
HQC-128,keygen,507,1605632
HQC-128,keygen,508,1605632
HQC-128,keygen,509,1605632
HQC-128,keygen,510,1605632
HQC-128,keygen,511,1605632
HQC-128,keygen,512,1605632
HQC-128,keygen,513,1671168
HQC-128,keygen,514,1605632
HQC-128,keygen,515,1605632
HQC-128,keygen,516,1572864
HQC-128,keygen,517,1605632
HQC-128,keygen,518,1572864
HQC-128,keygen,519,1605632
HQC-128,keygen,520,1605632
HQC-128,keygen,521,1605632
HQC-128,keygen,522,1605632
HQC-128,keygen,523,1605632
HQC-128,keygen,524,1605632
HQC-128,keygen,525,1605632
HQC-128,keygen,526,1605632
HQC-128,keygen,527,1572864
HQC-128,keygen,528,1605632
HQC-128,keygen,529,1605632
HQC-128,keygen,530,1654784
HQC-128,keygen,531,1605632
HQC-128,keygen,532,1572864
HQC-128,keygen,533,1605632
HQC-128,keygen,534,1605632
HQC-128,keygen,535,1605632
HQC-128,keygen,536,1605632
HQC-128,keygen,537,1572864
HQC-128,keygen,538,1605632
HQC-128,keygen,539,1572864
HQC-128,keygen,540,1605632
HQC-128,keygen,541,1605632
HQC-128,keygen,542,1605632
HQC-128,keygen,543,1572864
HQC-128,keygen,544,1572864
HQC-128,keygen,545,1605632
HQC-128,keygen,546,1605632
HQC-128,keygen,547,1605632
HQC-128,keygen,548,1572864
HQC-128,keygen,549,1605632
HQC-128,keygen,550,1605632
HQC-128,keygen,551,1605632
HQC-128,keygen,552,1671168
HQC-128,keygen,553,1605632
HQC-128,keygen,554,1605632
HQC-128,keygen,555,1605632
HQC-128,keygen,556,1605632
HQC-128,keygen,557,1572864
HQC-128,keygen,558,1572864
HQC-128,keygen,559,1572864
HQC-128,keygen,560,1605632
HQC-128,keygen,561,1572864
HQC-128,keygen,562,1605632
HQC-128,keygen,563,1605632
HQC-128,keygen,564,1605632
HQC-128,keygen,565,1605632
HQC-128,keygen,566,1638400
HQC-128,keygen,567,1605632
HQC-128,keygen,568,1605632
HQC-128,keygen,569,1605632
HQC-128,keygen,570,1605632
HQC-128,keygen,571,1605632
HQC-128,keygen,572,1605632
HQC-128,keygen,573,1605632
HQC-128,keygen,574,1671168
HQC-128,keygen,575,1605632
HQC-128,keygen,576,1605632
HQC-128,keygen,577,1605632
HQC-128,keygen,578,1605632
HQC-128,keygen,579,1638400
HQC-128,keygen,580,1572864
HQC-128,keygen,581,1572864
HQC-128,keygen,582,1605632
HQC-128,keygen,583,1605632
HQC-128,keygen,584,1605632
HQC-128,keygen,585,1605632
HQC-128,keygen,586,1605632
HQC-128,keygen,587,1605632
HQC-128,keygen,588,1605632
HQC-128,keygen,589,1605632
HQC-128,keygen,590,1605632
HQC-128,keygen,591,1605632
HQC-128,keygen,592,1605632
HQC-128,keygen,593,1605632
HQC-128,keygen,594,1605632
HQC-128,keygen,595,1605632
HQC-128,keygen,596,1572864
HQC-128,keygen,597,1605632
HQC-128,keygen,598,1572864
HQC-128,keygen,599,1605632
HQC-128,keygen,600,1605632
HQC-128,keygen,601,1572864
HQC-128,keygen,602,1605632
HQC-128,keygen,603,1605632
HQC-128,keygen,604,1605632
HQC-128,keygen,605,1605632
HQC-128,keygen,606,1572864
HQC-128,keygen,607,1572864
HQC-128,keygen,608,1572864
HQC-128,keygen,609,1572864
HQC-128,keygen,610,1572864
HQC-128,keygen,611,1605632
HQC-128,keygen,612,1605632
HQC-128,keygen,613,1605632
HQC-128,keygen,614,1572864
HQC-128,keygen,615,1605632
HQC-128,keygen,616,1605632
HQC-128,keygen,617,1605632
HQC-128,keygen,618,1605632
HQC-128,keygen,619,1605632
HQC-128,keygen,620,1572864
HQC-128,keygen,621,1605632
HQC-128,keygen,622,1605632
HQC-128,keygen,623,1605632
HQC-128,keygen,624,1605632
HQC-128,keygen,625,1605632
HQC-128,keygen,626,1605632
HQC-128,keygen,627,1605632
HQC-128,keygen,628,1605632
HQC-128,keygen,629,1572864
HQC-128,keygen,630,1605632
HQC-128,keygen,631,1605632
HQC-128,keygen,632,1572864
HQC-128,keygen,633,1572864
HQC-128,keygen,634,1605632
HQC-128,keygen,635,1605632
HQC-128,keygen,636,1605632
HQC-128,keygen,637,1605632
HQC-128,keygen,638,1572864
HQC-128,keygen,639,1605632
HQC-128,keygen,640,1572864
HQC-128,keygen,641,1572864
HQC-128,keygen,642,1605632
HQC-128,keygen,643,1605632
HQC-128,keygen,644,1605632
HQC-128,keygen,645,1605632
HQC-128,keygen,646,1605632
HQC-128,keygen,647,1572864
HQC-128,keygen,648,1605632
HQC-128,keygen,649,1605632
HQC-128,keygen,650,1605632
HQC-128,keygen,651,1605632
HQC-128,keygen,652,1572864
HQC-128,keygen,653,1605632
HQC-128,keygen,654,1638400
HQC-128,keygen,655,1572864
HQC-128,keygen,656,1572864
HQC-128,keygen,657,1622016
HQC-128,keygen,658,1605632
HQC-128,keygen,659,1605632
HQC-128,keygen,660,1605632
HQC-128,keygen,661,1605632
HQC-128,keygen,662,1605632
HQC-128,keygen,663,1605632
HQC-128,keygen,664,1572864
HQC-128,keygen,665,1572864
HQC-128,keygen,666,1605632
HQC-128,keygen,667,1572864
HQC-128,keygen,668,1605632
HQC-128,keygen,669,1605632
HQC-128,keygen,670,1605632
HQC-128,keygen,671,1605632
HQC-128,keygen,672,1605632
HQC-128,keygen,673,1572864
HQC-128,keygen,674,1671168
HQC-128,keygen,675,1605632
HQC-128,keygen,676,1605632
HQC-128,keygen,677,1605632
HQC-128,keygen,678,1572864
HQC-128,keygen,679,1572864
HQC-128,keygen,680,1605632
HQC-128,keygen,681,1605632
HQC-128,keygen,682,1605632
HQC-128,keygen,683,1572864
HQC-128,keygen,684,1605632
HQC-128,keygen,685,1605632
HQC-128,keygen,686,1605632
HQC-128,keygen,687,1605632
HQC-128,keygen,688,1572864
HQC-128,keygen,689,1605632
HQC-128,keygen,690,1572864
HQC-128,keygen,691,1605632
HQC-128,keygen,692,1605632
HQC-128,keygen,693,1605632
HQC-128,keygen,694,1605632
HQC-128,keygen,695,1605632
HQC-128,keygen,696,1605632
HQC-128,keygen,697,1605632
HQC-128,keygen,698,1605632
HQC-128,keygen,699,1605632
HQC-128,keygen,700,1605632
HQC-128,keygen,701,1605632
HQC-128,keygen,702,1605632
HQC-128,keygen,703,1572864
HQC-128,keygen,704,1605632
HQC-128,keygen,705,1605632
HQC-128,keygen,706,1605632
HQC-128,keygen,707,1572864
HQC-128,keygen,708,1605632
HQC-128,keygen,709,1605632
HQC-128,keygen,710,1605632
HQC-128,keygen,711,1605632
HQC-128,keygen,712,1572864
HQC-128,keygen,713,1638400
HQC-128,keygen,714,1572864
HQC-128,keygen,715,1605632
HQC-128,keygen,716,1572864
HQC-128,keygen,717,1605632
HQC-128,keygen,718,1605632
HQC-128,keygen,719,1572864
HQC-128,keygen,720,1605632
HQC-128,keygen,721,1572864
HQC-128,keygen,722,1605632
HQC-128,keygen,723,1605632
HQC-128,keygen,724,1605632
HQC-128,keygen,725,1605632
HQC-128,keygen,726,1572864
HQC-128,keygen,727,1605632
HQC-128,keygen,728,1605632
HQC-128,keygen,729,1605632
HQC-128,keygen,730,1638400
HQC-128,keygen,731,1572864
HQC-128,keygen,732,1605632
HQC-128,keygen,733,1605632
HQC-128,keygen,734,1605632
HQC-128,keygen,735,1605632
HQC-128,keygen,736,1605632
HQC-128,keygen,737,1605632
HQC-128,keygen,738,1605632
HQC-128,keygen,739,1605632
HQC-128,keygen,740,1572864
HQC-128,keygen,741,1572864
HQC-128,keygen,742,1605632
HQC-128,keygen,743,1572864
HQC-128,keygen,744,1605632
HQC-128,keygen,745,1605632
HQC-128,keygen,746,1671168
HQC-128,keygen,747,1605632
HQC-128,keygen,748,1605632
HQC-128,keygen,749,1605632
HQC-128,keygen,750,1572864
HQC-128,keygen,751,1605632
HQC-128,keygen,752,1572864
HQC-128,keygen,753,1605632
HQC-128,keygen,754,1605632
HQC-128,keygen,755,1572864
HQC-128,keygen,756,1572864
HQC-128,keygen,757,1605632
HQC-128,keygen,758,1572864
HQC-128,keygen,759,1605632
HQC-128,keygen,760,1572864
HQC-128,keygen,761,1605632
HQC-128,keygen,762,1605632
HQC-128,keygen,763,1572864
HQC-128,keygen,764,1605632
HQC-128,keygen,765,1572864
HQC-128,keygen,766,1605632
HQC-128,keygen,767,1572864
HQC-128,keygen,768,1605632
HQC-128,keygen,769,1605632
HQC-128,keygen,770,1605632
HQC-128,keygen,771,1605632
HQC-128,keygen,772,1605632
HQC-128,keygen,773,1605632
HQC-128,keygen,774,1605632
HQC-128,keygen,775,1572864
HQC-128,keygen,776,1605632
HQC-128,keygen,777,1605632
HQC-128,keygen,778,1572864
HQC-128,keygen,779,1605632
HQC-128,keygen,780,1605632
HQC-128,keygen,781,1605632
HQC-128,keygen,782,1572864
HQC-128,keygen,783,1605632
HQC-128,keygen,784,1605632
HQC-128,keygen,785,1605632
HQC-128,keygen,786,1605632
HQC-128,keygen,787,1605632
HQC-128,keygen,788,1605632
HQC-128,keygen,789,1605632
HQC-128,keygen,790,1605632
HQC-128,keygen,791,1605632
HQC-128,keygen,792,1605632
HQC-128,keygen,793,1572864
HQC-128,keygen,794,1605632
HQC-128,keygen,795,1605632
HQC-128,keygen,796,1572864
HQC-128,keygen,797,1605632
HQC-128,keygen,798,1605632
HQC-128,keygen,799,1605632
HQC-128,keygen,800,1572864
HQC-128,keygen,801,1572864
HQC-128,keygen,802,1572864
HQC-128,keygen,803,1605632
HQC-128,keygen,804,1605632
HQC-128,keygen,805,1572864
HQC-128,keygen,806,1605632
HQC-128,keygen,807,1605632
HQC-128,keygen,808,1572864
HQC-128,keygen,809,1605632
HQC-128,keygen,810,1605632
HQC-128,keygen,811,1572864
HQC-128,keygen,812,1605632
HQC-128,keygen,813,1605632
HQC-128,keygen,814,1605632
HQC-128,keygen,815,1605632
HQC-128,keygen,816,1572864
HQC-128,keygen,817,1605632
HQC-128,keygen,818,1605632
HQC-128,keygen,819,1605632
HQC-128,keygen,820,1572864
HQC-128,keygen,821,1605632
HQC-128,keygen,822,1572864
HQC-128,keygen,823,1605632
HQC-128,keygen,824,1605632
HQC-128,keygen,825,1605632
HQC-128,keygen,826,1572864
HQC-128,keygen,827,1605632
HQC-128,keygen,828,1572864
HQC-128,keygen,829,1605632
HQC-128,keygen,830,1572864
HQC-128,keygen,831,1605632
HQC-128,keygen,832,1638400
HQC-128,keygen,833,1605632
HQC-128,keygen,834,1572864
HQC-128,keygen,835,1605632
HQC-128,keygen,836,1605632
HQC-128,keygen,837,1572864
HQC-128,keygen,838,1605632
HQC-128,keygen,839,1605632
HQC-128,keygen,840,1605632
HQC-128,keygen,841,1605632
HQC-128,keygen,842,1605632
HQC-128,keygen,843,1605632
HQC-128,keygen,844,1605632
HQC-128,keygen,845,1605632
HQC-128,keygen,846,1605632
HQC-128,keygen,847,1605632
HQC-128,keygen,848,1572864
HQC-128,keygen,849,1605632
HQC-128,keygen,850,1605632
HQC-128,keygen,851,1605632
HQC-128,keygen,852,1605632
HQC-128,keygen,853,1605632
HQC-128,keygen,854,1572864
HQC-128,keygen,855,1572864
HQC-128,keygen,856,1605632
HQC-128,keygen,857,1605632
HQC-128,keygen,858,1572864
HQC-128,keygen,859,1605632
HQC-128,keygen,860,1572864
HQC-128,keygen,861,1605632
HQC-128,keygen,862,1605632
HQC-128,keygen,863,1605632
HQC-128,keygen,864,1605632
HQC-128,keygen,865,1605632
HQC-128,keygen,866,1605632
HQC-128,keygen,867,1572864
HQC-128,keygen,868,1572864
HQC-128,keygen,869,1572864
HQC-128,keygen,870,1605632
HQC-128,keygen,871,1605632
HQC-128,keygen,872,1605632
HQC-128,keygen,873,1605632
HQC-128,keygen,874,1572864
HQC-128,keygen,875,1605632
HQC-128,keygen,876,1572864
HQC-128,keygen,877,1605632
HQC-128,keygen,878,1605632
HQC-128,keygen,879,1605632
HQC-128,keygen,880,1605632
HQC-128,keygen,881,1572864
HQC-128,keygen,882,1605632
HQC-128,keygen,883,1605632
HQC-128,keygen,884,1605632
HQC-128,keygen,885,1605632
HQC-128,keygen,886,1605632
HQC-128,keygen,887,1572864
HQC-128,keygen,888,1605632
HQC-128,keygen,889,1605632
HQC-128,keygen,890,1605632
HQC-128,keygen,891,1605632
HQC-128,keygen,892,1605632
HQC-128,keygen,893,1671168
HQC-128,keygen,894,1605632
HQC-128,keygen,895,1572864
HQC-128,keygen,896,1572864
HQC-128,keygen,897,1605632
HQC-128,keygen,898,1605632
HQC-128,keygen,899,1605632
HQC-128,keygen,900,1572864
HQC-128,keygen,901,1605632
HQC-128,keygen,902,1605632
HQC-128,keygen,903,1605632
HQC-128,keygen,904,1605632
HQC-128,keygen,905,1605632
HQC-128,keygen,906,1572864
HQC-128,keygen,907,1572864
HQC-128,keygen,908,1572864
HQC-128,keygen,909,1572864
HQC-128,keygen,910,1605632
HQC-128,keygen,911,1605632
HQC-128,keygen,912,1638400
HQC-128,keygen,913,1605632
HQC-128,keygen,914,1605632
HQC-128,keygen,915,1572864
HQC-128,keygen,916,1605632
HQC-128,keygen,917,1572864
HQC-128,keygen,918,1572864
HQC-128,keygen,919,1572864
HQC-128,keygen,920,1605632
HQC-128,keygen,921,1605632
HQC-128,keygen,922,1605632
HQC-128,keygen,923,1605632
HQC-128,keygen,924,1638400
HQC-128,keygen,925,1605632
HQC-128,keygen,926,1605632
HQC-128,keygen,927,1654784
HQC-128,keygen,928,1605632
HQC-128,keygen,929,1605632
HQC-128,keygen,930,1572864
HQC-128,keygen,931,1605632
HQC-128,keygen,932,1605632
HQC-128,keygen,933,1605632
HQC-128,keygen,934,1605632
HQC-128,keygen,935,1605632
HQC-128,keygen,936,1572864
HQC-128,keygen,937,1605632
HQC-128,keygen,938,1605632
HQC-128,keygen,939,1605632
HQC-128,keygen,940,1605632
HQC-128,keygen,941,1605632
HQC-128,keygen,942,1605632
HQC-128,keygen,943,1605632
HQC-128,keygen,944,1572864
HQC-128,keygen,945,1605632
HQC-128,keygen,946,1605632
HQC-128,keygen,947,1572864
HQC-128,keygen,948,1572864
HQC-128,keygen,949,1605632
HQC-128,keygen,950,1605632
HQC-128,keygen,951,1605632
HQC-128,keygen,952,1605632
HQC-128,keygen,953,1605632
HQC-128,keygen,954,1605632
HQC-128,keygen,955,1572864
HQC-128,keygen,956,1605632
HQC-128,keygen,957,1605632
HQC-128,keygen,958,1605632
HQC-128,keygen,959,1605632
HQC-128,keygen,960,1605632
HQC-128,keygen,961,1572864
HQC-128,keygen,962,1605632
HQC-128,keygen,963,1605632
HQC-128,keygen,964,1605632
HQC-128,keygen,965,1605632
HQC-128,keygen,966,1605632
HQC-128,keygen,967,1572864
HQC-128,keygen,968,1572864
HQC-128,keygen,969,1638400
HQC-128,keygen,970,1605632
HQC-128,keygen,971,1572864
HQC-128,keygen,972,1605632
HQC-128,keygen,973,1605632
HQC-128,keygen,974,1572864
HQC-128,keygen,975,1572864
HQC-128,keygen,976,1605632
HQC-128,keygen,977,1605632
HQC-128,keygen,978,1605632
HQC-128,keygen,979,1572864
HQC-128,keygen,980,1605632
HQC-128,keygen,981,1605632
HQC-128,keygen,982,1572864
HQC-128,keygen,983,1572864
HQC-128,keygen,984,1572864
HQC-128,keygen,985,1605632
HQC-128,keygen,986,1605632
HQC-128,keygen,987,1605632
HQC-128,keygen,988,1605632
HQC-128,keygen,989,1605632
HQC-128,keygen,990,1605632
HQC-128,keygen,991,1572864
HQC-128,keygen,992,1605632
HQC-128,keygen,993,1605632
HQC-128,keygen,994,1572864
HQC-128,keygen,995,1605632
HQC-128,keygen,996,1572864
HQC-128,keygen,997,1605632
HQC-128,keygen,998,1572864
HQC-128,keygen,999,1605632
HQC-128,keygen,1000,1605632
HQC-128,encaps,1,1654784
HQC-128,encaps,2,1589248
HQC-128,encaps,3,1654784
HQC-128,encaps,4,1589248
HQC-128,encaps,5,1654784
HQC-128,encaps,6,1589248
HQC-128,encaps,7,1654784
HQC-128,encaps,8,1654784
HQC-128,encaps,9,1654784
HQC-128,encaps,10,1654784
HQC-128,encaps,11,1654784
HQC-128,encaps,12,1654784
HQC-128,encaps,13,1589248
HQC-128,encaps,14,1654784
HQC-128,encaps,15,1654784
HQC-128,encaps,16,1654784
HQC-128,encaps,17,1654784
HQC-128,encaps,18,1654784
HQC-128,encaps,19,1654784
HQC-128,encaps,20,1589248
HQC-128,encaps,21,1654784
HQC-128,encaps,22,1654784
HQC-128,encaps,23,1589248
HQC-128,encaps,24,1654784
HQC-128,encaps,25,1654784
HQC-128,encaps,26,1654784
HQC-128,encaps,27,1654784
HQC-128,encaps,28,1654784
HQC-128,encaps,29,1654784
HQC-128,encaps,30,1654784
HQC-128,encaps,31,1589248
HQC-128,encaps,32,1654784
HQC-128,encaps,33,1589248
HQC-128,encaps,34,1654784
HQC-128,encaps,35,1589248
HQC-128,encaps,36,1654784
HQC-128,encaps,37,1654784
HQC-128,encaps,38,1654784
HQC-128,encaps,39,1654784
HQC-128,encaps,40,1654784
HQC-128,encaps,41,1654784
HQC-128,encaps,42,1654784
HQC-128,encaps,43,1654784
HQC-128,encaps,44,1654784
HQC-128,encaps,45,1654784
HQC-128,encaps,46,1654784
HQC-128,encaps,47,1687552
HQC-128,encaps,48,1589248
HQC-128,encaps,49,1654784
HQC-128,encaps,50,1654784
HQC-128,encaps,51,1589248
HQC-128,encaps,52,1654784
HQC-128,encaps,53,1654784
HQC-128,encaps,54,1654784
HQC-128,encaps,55,1589248
HQC-128,encaps,56,1654784
HQC-128,encaps,57,1654784
HQC-128,encaps,58,1654784
HQC-128,encaps,59,1654784
HQC-128,encaps,60,1654784
HQC-128,encaps,61,1589248
HQC-128,encaps,62,1654784
HQC-128,encaps,63,1654784
HQC-128,encaps,64,1589248
HQC-128,encaps,65,1654784
HQC-128,encaps,66,1654784
HQC-128,encaps,67,1654784
HQC-128,encaps,68,1654784
HQC-128,encaps,69,1654784
HQC-128,encaps,70,1654784
HQC-128,encaps,71,1654784
HQC-128,encaps,72,1654784
HQC-128,encaps,73,1654784
HQC-128,encaps,74,1589248
HQC-128,encaps,75,1589248
HQC-128,encaps,76,1589248
HQC-128,encaps,77,1654784
HQC-128,encaps,78,1654784
HQC-128,encaps,79,1720320
HQC-128,encaps,80,1654784
HQC-128,encaps,81,1654784
HQC-128,encaps,82,1654784
HQC-128,encaps,83,1654784
HQC-128,encaps,84,1654784
HQC-128,encaps,85,1589248
HQC-128,encaps,86,1654784
HQC-128,encaps,87,1654784
HQC-128,encaps,88,1654784
HQC-128,encaps,89,1654784
HQC-128,encaps,90,1654784
HQC-128,encaps,91,1654784
HQC-128,encaps,92,1589248
HQC-128,encaps,93,1654784
HQC-128,encaps,94,1654784
HQC-128,encaps,95,1654784
HQC-128,encaps,96,1654784
HQC-128,encaps,97,1654784
HQC-128,encaps,98,1720320
HQC-128,encaps,99,1654784
HQC-128,encaps,100,1654784
HQC-128,encaps,101,1589248
HQC-128,encaps,102,1589248
HQC-128,encaps,103,1654784
HQC-128,encaps,104,1654784
HQC-128,encaps,105,1589248
HQC-128,encaps,106,1589248
HQC-128,encaps,107,1654784
HQC-128,encaps,108,1654784
HQC-128,encaps,109,1589248
HQC-128,encaps,110,1589248
HQC-128,encaps,111,1654784
HQC-128,encaps,112,1589248
HQC-128,encaps,113,1654784
HQC-128,encaps,114,1654784
HQC-128,encaps,115,1654784
HQC-128,encaps,116,1654784
HQC-128,encaps,117,1654784
HQC-128,encaps,118,1589248
HQC-128,encaps,119,1589248
HQC-128,encaps,120,1654784
HQC-128,encaps,121,1622016
HQC-128,encaps,122,1589248
HQC-128,encaps,123,1654784
HQC-128,encaps,124,1654784
HQC-128,encaps,125,1589248
HQC-128,encaps,126,1687552
HQC-128,encaps,127,1654784
HQC-128,encaps,128,1654784
HQC-128,encaps,129,1720320
HQC-128,encaps,130,1654784
HQC-128,encaps,131,1654784
HQC-128,encaps,132,1654784
HQC-128,encaps,133,1687552
HQC-128,encaps,134,1654784
HQC-128,encaps,135,1654784
HQC-128,encaps,136,1622016
HQC-128,encaps,137,1654784
HQC-128,encaps,138,1589248
HQC-128,encaps,139,1654784
HQC-128,encaps,140,1654784
HQC-128,encaps,141,1687552
HQC-128,encaps,142,1589248
HQC-128,encaps,143,1654784
HQC-128,encaps,144,1589248
HQC-128,encaps,145,1622016
HQC-128,encaps,146,1589248
HQC-128,encaps,147,1654784
HQC-128,encaps,148,1687552
HQC-128,encaps,149,1654784
HQC-128,encaps,150,1589248
HQC-128,encaps,151,1654784
HQC-128,encaps,152,1589248
HQC-128,encaps,153,1589248
HQC-128,encaps,154,1589248
HQC-128,encaps,155,1654784
HQC-128,encaps,156,1654784
HQC-128,encaps,157,1654784
HQC-128,encaps,158,1654784
HQC-128,encaps,159,1654784
HQC-128,encaps,160,1654784
HQC-128,encaps,161,1720320
HQC-128,encaps,162,1654784
HQC-128,encaps,163,1654784
HQC-128,encaps,164,1654784
HQC-128,encaps,165,1654784
HQC-128,encaps,166,1654784
HQC-128,encaps,167,1654784
HQC-128,encaps,168,1654784
HQC-128,encaps,169,1654784
HQC-128,encaps,170,1589248
HQC-128,encaps,171,1654784
HQC-128,encaps,172,1703936
HQC-128,encaps,173,1654784
HQC-128,encaps,174,1654784
HQC-128,encaps,175,1589248
HQC-128,encaps,176,1654784
HQC-128,encaps,177,1589248
HQC-128,encaps,178,1654784
HQC-128,encaps,179,1654784
HQC-128,encaps,180,1654784
HQC-128,encaps,181,1654784
HQC-128,encaps,182,1654784
HQC-128,encaps,183,1589248
HQC-128,encaps,184,1589248
HQC-128,encaps,185,1589248
HQC-128,encaps,186,1654784
HQC-128,encaps,187,1654784
HQC-128,encaps,188,1654784
HQC-128,encaps,189,1589248
HQC-128,encaps,190,1654784
HQC-128,encaps,191,1687552
HQC-128,encaps,192,1654784
HQC-128,encaps,193,1654784
HQC-128,encaps,194,1654784
HQC-128,encaps,195,1687552
HQC-128,encaps,196,1589248
HQC-128,encaps,197,1654784
HQC-128,encaps,198,1589248
HQC-128,encaps,199,1654784
HQC-128,encaps,200,1654784
HQC-128,encaps,201,1654784
HQC-128,encaps,202,1654784
HQC-128,encaps,203,1654784
HQC-128,encaps,204,1654784
HQC-128,encaps,205,1654784
HQC-128,encaps,206,1654784
HQC-128,encaps,207,1654784
HQC-128,encaps,208,1654784
HQC-128,encaps,209,1589248
HQC-128,encaps,210,1654784
HQC-128,encaps,211,1589248
HQC-128,encaps,212,1654784
HQC-128,encaps,213,1589248
HQC-128,encaps,214,1654784
HQC-128,encaps,215,1654784
HQC-128,encaps,216,1654784
HQC-128,encaps,217,1589248
HQC-128,encaps,218,1654784
HQC-128,encaps,219,1589248
HQC-128,encaps,220,1654784
HQC-128,encaps,221,1654784
HQC-128,encaps,222,1654784
HQC-128,encaps,223,1654784
HQC-128,encaps,224,1654784
HQC-128,encaps,225,1654784
HQC-128,encaps,226,1589248
HQC-128,encaps,227,1654784
HQC-128,encaps,228,1654784
HQC-128,encaps,229,1589248
HQC-128,encaps,230,1589248
HQC-128,encaps,231,1654784
HQC-128,encaps,232,1654784
HQC-128,encaps,233,1654784
HQC-128,encaps,234,1589248
HQC-128,encaps,235,1654784
HQC-128,encaps,236,1654784
HQC-128,encaps,237,1654784
HQC-128,encaps,238,1589248
HQC-128,encaps,239,1654784
HQC-128,encaps,240,1654784
HQC-128,encaps,241,1654784
HQC-128,encaps,242,1654784
HQC-128,encaps,243,1654784
HQC-128,encaps,244,1654784
HQC-128,encaps,245,1589248
HQC-128,encaps,246,1654784
HQC-128,encaps,247,1589248
HQC-128,encaps,248,1654784
HQC-128,encaps,249,1654784
HQC-128,encaps,250,1589248
HQC-128,encaps,251,1654784
HQC-128,encaps,252,1654784
HQC-128,encaps,253,1654784
HQC-128,encaps,254,1654784
HQC-128,encaps,255,1654784
HQC-128,encaps,256,1654784
HQC-128,encaps,257,1654784
HQC-128,encaps,258,1654784
HQC-128,encaps,259,1589248
HQC-128,encaps,260,1720320
HQC-128,encaps,261,1654784
HQC-128,encaps,262,1654784
HQC-128,encaps,263,1654784
HQC-128,encaps,264,1589248
HQC-128,encaps,265,1654784
HQC-128,encaps,266,1654784
HQC-128,encaps,267,1589248
HQC-128,encaps,268,1589248
HQC-128,encaps,269,1654784
HQC-128,encaps,270,1654784
HQC-128,encaps,271,1589248
HQC-128,encaps,272,1687552
HQC-128,encaps,273,1654784
HQC-128,encaps,274,1654784
HQC-128,encaps,275,1654784
HQC-128,encaps,276,1654784
HQC-128,encaps,277,1589248
HQC-128,encaps,278,1654784
HQC-128,encaps,279,1654784
HQC-128,encaps,280,1589248
HQC-128,encaps,281,1654784
HQC-128,encaps,282,1654784
HQC-128,encaps,283,1589248
HQC-128,encaps,284,1654784
HQC-128,encaps,285,1654784
HQC-128,encaps,286,1589248
HQC-128,encaps,287,1654784
HQC-128,encaps,288,1654784
HQC-128,encaps,289,1589248
HQC-128,encaps,290,1589248
HQC-128,encaps,291,1589248
HQC-128,encaps,292,1654784
HQC-128,encaps,293,1654784
HQC-128,encaps,294,1654784
HQC-128,encaps,295,1654784
HQC-128,encaps,296,1654784
HQC-128,encaps,297,1654784
HQC-128,encaps,298,1654784
HQC-128,encaps,299,1654784
HQC-128,encaps,300,1654784
HQC-128,encaps,301,1654784
HQC-128,encaps,302,1589248
HQC-128,encaps,303,1589248
HQC-128,encaps,304,1654784
HQC-128,encaps,305,1589248
HQC-128,encaps,306,1589248
HQC-128,encaps,307,1720320
HQC-128,encaps,308,1589248
HQC-128,encaps,309,1654784
HQC-128,encaps,310,1589248
HQC-128,encaps,311,1687552
HQC-128,encaps,312,1654784
HQC-128,encaps,313,1589248
HQC-128,encaps,314,1654784
HQC-128,encaps,315,1654784
HQC-128,encaps,316,1654784
HQC-128,encaps,317,1589248
HQC-128,encaps,318,1654784
HQC-128,encaps,319,1654784
HQC-128,encaps,320,1654784
HQC-128,encaps,321,1654784
HQC-128,encaps,322,1654784
HQC-128,encaps,323,1589248
HQC-128,encaps,324,1654784
HQC-128,encaps,325,1654784
HQC-128,encaps,326,1654784
HQC-128,encaps,327,1654784
HQC-128,encaps,328,1654784
HQC-128,encaps,329,1654784
HQC-128,encaps,330,1654784
HQC-128,encaps,331,1654784
HQC-128,encaps,332,1654784
HQC-128,encaps,333,1687552
HQC-128,encaps,334,1589248
HQC-128,encaps,335,1654784
HQC-128,encaps,336,1654784
HQC-128,encaps,337,1654784
HQC-128,encaps,338,1654784
HQC-128,encaps,339,1654784
HQC-128,encaps,340,1654784
HQC-128,encaps,341,1654784
HQC-128,encaps,342,1654784
HQC-128,encaps,343,1654784
HQC-128,encaps,344,1720320
HQC-128,encaps,345,1654784
HQC-128,encaps,346,1654784
HQC-128,encaps,347,1589248
HQC-128,encaps,348,1589248
HQC-128,encaps,349,1654784
HQC-128,encaps,350,1654784
HQC-128,encaps,351,1589248
HQC-128,encaps,352,1654784
HQC-128,encaps,353,1654784
HQC-128,encaps,354,1654784
HQC-128,encaps,355,1589248
HQC-128,encaps,356,1654784
HQC-128,encaps,357,1654784
HQC-128,encaps,358,1654784
HQC-128,encaps,359,1654784
HQC-128,encaps,360,1654784
HQC-128,encaps,361,1589248
HQC-128,encaps,362,1622016
HQC-128,encaps,363,1654784
HQC-128,encaps,364,1589248
HQC-128,encaps,365,1654784
HQC-128,encaps,366,1654784
HQC-128,encaps,367,1654784
HQC-128,encaps,368,1589248
HQC-128,encaps,369,1720320
HQC-128,encaps,370,1654784
HQC-128,encaps,371,1654784
HQC-128,encaps,372,1589248
HQC-128,encaps,373,1654784
HQC-128,encaps,374,1654784
HQC-128,encaps,375,1654784
HQC-128,encaps,376,1654784
HQC-128,encaps,377,1654784
HQC-128,encaps,378,1589248
HQC-128,encaps,379,1589248
HQC-128,encaps,380,1654784
HQC-128,encaps,381,1654784
HQC-128,encaps,382,1654784
HQC-128,encaps,383,1654784
HQC-128,encaps,384,1589248
HQC-128,encaps,385,1654784
HQC-128,encaps,386,1654784
HQC-128,encaps,387,1654784
HQC-128,encaps,388,1654784
HQC-128,encaps,389,1654784
HQC-128,encaps,390,1654784
HQC-128,encaps,391,1654784
HQC-128,encaps,392,1654784
HQC-128,encaps,393,1589248
HQC-128,encaps,394,1654784
HQC-128,encaps,395,1654784
HQC-128,encaps,396,1654784
HQC-128,encaps,397,1654784
HQC-128,encaps,398,1654784
HQC-128,encaps,399,1589248
HQC-128,encaps,400,1654784
HQC-128,encaps,401,1654784
HQC-128,encaps,402,1654784
HQC-128,encaps,403,1654784
HQC-128,encaps,404,1654784
HQC-128,encaps,405,1654784
HQC-128,encaps,406,1654784
HQC-128,encaps,407,1654784
HQC-128,encaps,408,1654784
HQC-128,encaps,409,1654784
HQC-128,encaps,410,1654784
HQC-128,encaps,411,1589248
HQC-128,encaps,412,1654784
HQC-128,encaps,413,1654784
HQC-128,encaps,414,1654784
HQC-128,encaps,415,1589248
HQC-128,encaps,416,1720320
HQC-128,encaps,417,1654784
HQC-128,encaps,418,1654784
HQC-128,encaps,419,1589248
HQC-128,encaps,420,1622016
HQC-128,encaps,421,1589248
HQC-128,encaps,422,1654784
HQC-128,encaps,423,1589248
HQC-128,encaps,424,1654784
HQC-128,encaps,425,1589248
HQC-128,encaps,426,1589248
HQC-128,encaps,427,1589248
HQC-128,encaps,428,1654784
HQC-128,encaps,429,1654784
HQC-128,encaps,430,1589248
HQC-128,encaps,431,1654784
HQC-128,encaps,432,1589248
HQC-128,encaps,433,1589248
HQC-128,encaps,434,1654784
HQC-128,encaps,435,1654784
HQC-128,encaps,436,1654784
HQC-128,encaps,437,1654784
HQC-128,encaps,438,1654784
HQC-128,encaps,439,1654784
HQC-128,encaps,440,1654784
HQC-128,encaps,441,1654784
HQC-128,encaps,442,1654784
HQC-128,encaps,443,1654784
HQC-128,encaps,444,1589248
HQC-128,encaps,445,1654784
HQC-128,encaps,446,1654784
HQC-128,encaps,447,1654784
HQC-128,encaps,448,1654784
HQC-128,encaps,449,1654784
HQC-128,encaps,450,1589248
HQC-128,encaps,451,1654784
HQC-128,encaps,452,1687552
HQC-128,encaps,453,1589248
HQC-128,encaps,454,1654784
HQC-128,encaps,455,1589248
HQC-128,encaps,456,1654784
HQC-128,encaps,457,1589248
HQC-128,encaps,458,1654784
HQC-128,encaps,459,1589248
HQC-128,encaps,460,1654784
HQC-128,encaps,461,1589248
HQC-128,encaps,462,1589248
HQC-128,encaps,463,1654784
HQC-128,encaps,464,1654784
HQC-128,encaps,465,1654784
HQC-128,encaps,466,1589248
HQC-128,encaps,467,1654784
HQC-128,encaps,468,1589248
HQC-128,encaps,469,1654784
HQC-128,encaps,470,1654784
HQC-128,encaps,471,1654784
HQC-128,encaps,472,1654784
HQC-128,encaps,473,1654784
HQC-128,encaps,474,1589248
HQC-128,encaps,475,1589248
HQC-128,encaps,476,1589248
HQC-128,encaps,477,1654784
HQC-128,encaps,478,1654784
HQC-128,encaps,479,1654784
HQC-128,encaps,480,1654784
HQC-128,encaps,481,1654784
HQC-128,encaps,482,1654784
HQC-128,encaps,483,1654784
HQC-128,encaps,484,1654784
HQC-128,encaps,485,1589248
HQC-128,encaps,486,1654784
HQC-128,encaps,487,1654784
HQC-128,encaps,488,1654784
HQC-128,encaps,489,1589248
HQC-128,encaps,490,1654784
HQC-128,encaps,491,1654784
HQC-128,encaps,492,1654784
HQC-128,encaps,493,1589248
HQC-128,encaps,494,1654784
HQC-128,encaps,495,1654784
HQC-128,encaps,496,1654784
HQC-128,encaps,497,1654784
HQC-128,encaps,498,1589248
HQC-128,encaps,499,1654784
HQC-128,encaps,500,1589248
HQC-128,encaps,501,1654784
HQC-128,encaps,502,1654784
HQC-128,encaps,503,1654784
HQC-128,encaps,504,1654784
HQC-128,encaps,505,1589248
HQC-128,encaps,506,1654784
HQC-128,encaps,507,1654784
HQC-128,encaps,508,1654784
HQC-128,encaps,509,1654784
HQC-128,encaps,510,1654784
HQC-128,encaps,511,1654784
HQC-128,encaps,512,1654784
HQC-128,encaps,513,1654784
HQC-128,encaps,514,1654784
HQC-128,encaps,515,1654784
HQC-128,encaps,516,1654784
HQC-128,encaps,517,1589248
HQC-128,encaps,518,1654784
HQC-128,encaps,519,1654784
HQC-128,encaps,520,1654784
HQC-128,encaps,521,1654784
HQC-128,encaps,522,1589248
HQC-128,encaps,523,1589248
HQC-128,encaps,524,1654784
HQC-128,encaps,525,1654784
HQC-128,encaps,526,1654784
HQC-128,encaps,527,1654784
HQC-128,encaps,528,1654784
HQC-128,encaps,529,1589248
HQC-128,encaps,530,1687552
HQC-128,encaps,531,1654784
HQC-128,encaps,532,1654784
HQC-128,encaps,533,1654784
HQC-128,encaps,534,1654784
HQC-128,encaps,535,1654784
HQC-128,encaps,536,1654784
HQC-128,encaps,537,1654784
HQC-128,encaps,538,1654784
HQC-128,encaps,539,1654784
HQC-128,encaps,540,1654784
HQC-128,encaps,541,1654784
HQC-128,encaps,542,1654784
HQC-128,encaps,543,1654784
HQC-128,encaps,544,1589248
HQC-128,encaps,545,1654784
HQC-128,encaps,546,1654784
HQC-128,encaps,547,1654784
HQC-128,encaps,548,1654784
HQC-128,encaps,549,1654784
HQC-128,encaps,550,1654784
HQC-128,encaps,551,1654784
HQC-128,encaps,552,1654784
HQC-128,encaps,553,1654784
HQC-128,encaps,554,1654784
HQC-128,encaps,555,1589248
HQC-128,encaps,556,1654784
HQC-128,encaps,557,1654784
HQC-128,encaps,558,1654784
HQC-128,encaps,559,1654784
HQC-128,encaps,560,1589248
HQC-128,encaps,561,1654784
HQC-128,encaps,562,1654784
HQC-128,encaps,563,1654784
HQC-128,encaps,564,1654784
HQC-128,encaps,565,1589248
HQC-128,encaps,566,1589248
HQC-128,encaps,567,1589248
HQC-128,encaps,568,1654784
HQC-128,encaps,569,1589248
HQC-128,encaps,570,1654784
HQC-128,encaps,571,1654784
HQC-128,encaps,572,1654784
HQC-128,encaps,573,1654784
HQC-128,encaps,574,1654784
HQC-128,encaps,575,1654784
HQC-128,encaps,576,1654784
HQC-128,encaps,577,1654784
HQC-128,encaps,578,1654784
HQC-128,encaps,579,1654784
HQC-128,encaps,580,1654784
HQC-128,encaps,581,1654784
HQC-128,encaps,582,1589248
HQC-128,encaps,583,1589248
HQC-128,encaps,584,1654784
HQC-128,encaps,585,1654784
HQC-128,encaps,586,1589248
HQC-128,encaps,587,1654784
HQC-128,encaps,588,1654784
HQC-128,encaps,589,1622016
HQC-128,encaps,590,1589248
HQC-128,encaps,591,1589248
HQC-128,encaps,592,1654784
HQC-128,encaps,593,1654784
HQC-128,encaps,594,1654784
HQC-128,encaps,595,1654784
HQC-128,encaps,596,1654784
HQC-128,encaps,597,1654784
HQC-128,encaps,598,1654784
HQC-128,encaps,599,1654784
HQC-128,encaps,600,1589248
HQC-128,encaps,601,1654784
HQC-128,encaps,602,1654784
HQC-128,encaps,603,1589248
HQC-128,encaps,604,1654784
HQC-128,encaps,605,1654784
HQC-128,encaps,606,1654784
HQC-128,encaps,607,1654784
HQC-128,encaps,608,1654784
HQC-128,encaps,609,1654784
HQC-128,encaps,610,1589248
HQC-128,encaps,611,1654784
HQC-128,encaps,612,1589248
HQC-128,encaps,613,1654784
HQC-128,encaps,614,1654784
HQC-128,encaps,615,1654784
HQC-128,encaps,616,1654784
HQC-128,encaps,617,1589248
HQC-128,encaps,618,1654784
HQC-128,encaps,619,1654784
HQC-128,encaps,620,1589248
HQC-128,encaps,621,1654784
HQC-128,encaps,622,1654784
HQC-128,encaps,623,1654784
HQC-128,encaps,624,1654784
HQC-128,encaps,625,1589248
HQC-128,encaps,626,1654784
HQC-128,encaps,627,1589248
HQC-128,encaps,628,1654784
HQC-128,encaps,629,1654784
HQC-128,encaps,630,1654784
HQC-128,encaps,631,1589248
HQC-128,encaps,632,1654784
HQC-128,encaps,633,1589248
HQC-128,encaps,634,1720320
HQC-128,encaps,635,1654784
HQC-128,encaps,636,1654784
HQC-128,encaps,637,1654784
HQC-128,encaps,638,1654784
HQC-128,encaps,639,1589248
HQC-128,encaps,640,1589248
HQC-128,encaps,641,1654784
HQC-128,encaps,642,1654784
HQC-128,encaps,643,1589248
HQC-128,encaps,644,1654784
HQC-128,encaps,645,1654784
HQC-128,encaps,646,1654784
HQC-128,encaps,647,1654784
HQC-128,encaps,648,1720320
HQC-128,encaps,649,1654784
HQC-128,encaps,650,1654784
HQC-128,encaps,651,1654784
HQC-128,encaps,652,1654784
HQC-128,encaps,653,1654784
HQC-128,encaps,654,1654784
HQC-128,encaps,655,1654784
HQC-128,encaps,656,1654784
HQC-128,encaps,657,1654784
HQC-128,encaps,658,1654784
HQC-128,encaps,659,1654784
HQC-128,encaps,660,1589248
HQC-128,encaps,661,1654784
HQC-128,encaps,662,1654784
HQC-128,encaps,663,1654784
HQC-128,encaps,664,1654784
HQC-128,encaps,665,1589248
HQC-128,encaps,666,1589248
HQC-128,encaps,667,1654784
HQC-128,encaps,668,1654784
HQC-128,encaps,669,1589248
HQC-128,encaps,670,1654784
HQC-128,encaps,671,1589248
HQC-128,encaps,672,1589248
HQC-128,encaps,673,1654784
HQC-128,encaps,674,1654784
HQC-128,encaps,675,1654784
HQC-128,encaps,676,1654784
HQC-128,encaps,677,1654784
HQC-128,encaps,678,1589248
HQC-128,encaps,679,1654784
HQC-128,encaps,680,1654784
HQC-128,encaps,681,1654784
HQC-128,encaps,682,1654784
HQC-128,encaps,683,1654784
HQC-128,encaps,684,1654784
HQC-128,encaps,685,1654784
HQC-128,encaps,686,1654784
HQC-128,encaps,687,1589248
HQC-128,encaps,688,1589248
HQC-128,encaps,689,1589248
HQC-128,encaps,690,1654784
HQC-128,encaps,691,1654784
HQC-128,encaps,692,1654784
HQC-128,encaps,693,1654784
HQC-128,encaps,694,1654784
HQC-128,encaps,695,1720320
HQC-128,encaps,696,1654784
HQC-128,encaps,697,1654784
HQC-128,encaps,698,1589248
HQC-128,encaps,699,1654784
HQC-128,encaps,700,1654784
HQC-128,encaps,701,1654784
HQC-128,encaps,702,1654784
HQC-128,encaps,703,1654784
HQC-128,encaps,704,1654784
HQC-128,encaps,705,1589248
HQC-128,encaps,706,1654784
HQC-128,encaps,707,1654784
HQC-128,encaps,708,1654784
HQC-128,encaps,709,1654784
HQC-128,encaps,710,1654784
HQC-128,encaps,711,1589248
HQC-128,encaps,712,1654784
HQC-128,encaps,713,1589248
HQC-128,encaps,714,1654784
HQC-128,encaps,715,1654784
HQC-128,encaps,716,1589248
HQC-128,encaps,717,1687552
HQC-128,encaps,718,1589248
HQC-128,encaps,719,1654784
HQC-128,encaps,720,1654784
HQC-128,encaps,721,1654784
HQC-128,encaps,722,1654784
HQC-128,encaps,723,1654784
HQC-128,encaps,724,1654784
HQC-128,encaps,725,1654784
HQC-128,encaps,726,1654784
HQC-128,encaps,727,1654784
HQC-128,encaps,728,1654784
HQC-128,encaps,729,1654784
HQC-128,encaps,730,1654784
HQC-128,encaps,731,1654784
HQC-128,encaps,732,1654784
HQC-128,encaps,733,1654784
HQC-128,encaps,734,1654784
HQC-128,encaps,735,1654784
HQC-128,encaps,736,1654784
HQC-128,encaps,737,1589248
HQC-128,encaps,738,1589248
HQC-128,encaps,739,1654784
HQC-128,encaps,740,1589248
HQC-128,encaps,741,1654784
HQC-128,encaps,742,1654784
HQC-128,encaps,743,1654784
HQC-128,encaps,744,1654784
HQC-128,encaps,745,1589248
HQC-128,encaps,746,1654784
HQC-128,encaps,747,1654784
HQC-128,encaps,748,1654784
HQC-128,encaps,749,1654784
HQC-128,encaps,750,1654784
HQC-128,encaps,751,1589248
HQC-128,encaps,752,1654784
HQC-128,encaps,753,1589248
HQC-128,encaps,754,1654784
HQC-128,encaps,755,1654784
HQC-128,encaps,756,1654784
HQC-128,encaps,757,1654784
HQC-128,encaps,758,1654784
HQC-128,encaps,759,1654784
HQC-128,encaps,760,1589248
HQC-128,encaps,761,1654784
HQC-128,encaps,762,1654784
HQC-128,encaps,763,1654784
HQC-128,encaps,764,1654784
HQC-128,encaps,765,1589248
HQC-128,encaps,766,1654784
HQC-128,encaps,767,1720320
HQC-128,encaps,768,1654784
HQC-128,encaps,769,1654784
HQC-128,encaps,770,1654784
HQC-128,encaps,771,1654784
HQC-128,encaps,772,1654784
HQC-128,encaps,773,1589248
HQC-128,encaps,774,1622016
HQC-128,encaps,775,1654784
HQC-128,encaps,776,1654784
HQC-128,encaps,777,1654784
HQC-128,encaps,778,1654784
HQC-128,encaps,779,1654784
HQC-128,encaps,780,1654784
HQC-128,encaps,781,1654784
HQC-128,encaps,782,1654784
HQC-128,encaps,783,1654784
HQC-128,encaps,784,1720320
HQC-128,encaps,785,1589248
HQC-128,encaps,786,1654784
HQC-128,encaps,787,1654784
HQC-128,encaps,788,1654784
HQC-128,encaps,789,1654784
HQC-128,encaps,790,1654784
HQC-128,encaps,791,1654784
HQC-128,encaps,792,1589248
HQC-128,encaps,793,1654784
HQC-128,encaps,794,1654784
HQC-128,encaps,795,1654784
HQC-128,encaps,796,1654784
HQC-128,encaps,797,1654784
HQC-128,encaps,798,1589248
HQC-128,encaps,799,1654784
HQC-128,encaps,800,1589248
HQC-128,encaps,801,1654784
HQC-128,encaps,802,1654784
HQC-128,encaps,803,1589248
HQC-128,encaps,804,1589248
HQC-128,encaps,805,1654784
HQC-128,encaps,806,1654784
HQC-128,encaps,807,1654784
HQC-128,encaps,808,1654784
HQC-128,encaps,809,1654784
HQC-128,encaps,810,1654784
HQC-128,encaps,811,1654784
HQC-128,encaps,812,1654784
HQC-128,encaps,813,1589248
HQC-128,encaps,814,1589248
HQC-128,encaps,815,1654784
HQC-128,encaps,816,1654784
HQC-128,encaps,817,1654784
HQC-128,encaps,818,1589248
HQC-128,encaps,819,1589248
HQC-128,encaps,820,1654784
HQC-128,encaps,821,1687552
HQC-128,encaps,822,1654784
HQC-128,encaps,823,1654784
HQC-128,encaps,824,1654784
HQC-128,encaps,825,1589248
HQC-128,encaps,826,1654784
HQC-128,encaps,827,1654784
HQC-128,encaps,828,1687552
HQC-128,encaps,829,1589248
HQC-128,encaps,830,1654784
HQC-128,encaps,831,1654784
HQC-128,encaps,832,1622016
HQC-128,encaps,833,1654784
HQC-128,encaps,834,1654784
HQC-128,encaps,835,1654784
HQC-128,encaps,836,1589248
HQC-128,encaps,837,1654784
HQC-128,encaps,838,1654784
HQC-128,encaps,839,1654784
HQC-128,encaps,840,1654784
HQC-128,encaps,841,1654784
HQC-128,encaps,842,1589248
HQC-128,encaps,843,1654784
HQC-128,encaps,844,1654784
HQC-128,encaps,845,1589248
HQC-128,encaps,846,1589248
HQC-128,encaps,847,1654784
HQC-128,encaps,848,1654784
HQC-128,encaps,849,1654784
HQC-128,encaps,850,1654784
HQC-128,encaps,851,1654784
HQC-128,encaps,852,1654784
HQC-128,encaps,853,1654784
HQC-128,encaps,854,1654784
HQC-128,encaps,855,1654784
HQC-128,encaps,856,1654784
HQC-128,encaps,857,1654784
HQC-128,encaps,858,1654784
HQC-128,encaps,859,1654784
HQC-128,encaps,860,1654784
HQC-128,encaps,861,1654784
HQC-128,encaps,862,1654784
HQC-128,encaps,863,1654784
HQC-128,encaps,864,1654784
HQC-128,encaps,865,1589248
HQC-128,encaps,866,1589248
HQC-128,encaps,867,1654784
HQC-128,encaps,868,1654784
HQC-128,encaps,869,1654784
HQC-128,encaps,870,1654784
HQC-128,encaps,871,1654784
HQC-128,encaps,872,1654784
HQC-128,encaps,873,1654784
HQC-128,encaps,874,1654784
HQC-128,encaps,875,1589248
HQC-128,encaps,876,1654784
HQC-128,encaps,877,1654784
HQC-128,encaps,878,1589248
HQC-128,encaps,879,1654784
HQC-128,encaps,880,1654784
HQC-128,encaps,881,1654784
HQC-128,encaps,882,1589248
HQC-128,encaps,883,1654784
HQC-128,encaps,884,1654784
HQC-128,encaps,885,1654784
HQC-128,encaps,886,1654784
HQC-128,encaps,887,1654784
HQC-128,encaps,888,1654784
HQC-128,encaps,889,1654784
HQC-128,encaps,890,1654784
HQC-128,encaps,891,1654784
HQC-128,encaps,892,1589248
HQC-128,encaps,893,1654784
HQC-128,encaps,894,1589248
HQC-128,encaps,895,1654784
HQC-128,encaps,896,1589248
HQC-128,encaps,897,1654784
HQC-128,encaps,898,1654784
HQC-128,encaps,899,1654784
HQC-128,encaps,900,1654784
HQC-128,encaps,901,1654784
HQC-128,encaps,902,1654784
HQC-128,encaps,903,1654784
HQC-128,encaps,904,1589248
HQC-128,encaps,905,1654784
HQC-128,encaps,906,1589248
HQC-128,encaps,907,1654784
HQC-128,encaps,908,1720320
HQC-128,encaps,909,1589248
HQC-128,encaps,910,1654784
HQC-128,encaps,911,1654784
HQC-128,encaps,912,1654784
HQC-128,encaps,913,1654784
HQC-128,encaps,914,1654784
HQC-128,encaps,915,1654784
HQC-128,encaps,916,1654784
HQC-128,encaps,917,1589248
HQC-128,encaps,918,1654784
HQC-128,encaps,919,1654784
HQC-128,encaps,920,1654784
HQC-128,encaps,921,1654784
HQC-128,encaps,922,1654784
HQC-128,encaps,923,1654784
HQC-128,encaps,924,1589248
HQC-128,encaps,925,1654784
HQC-128,encaps,926,1654784
HQC-128,encaps,927,1720320
HQC-128,encaps,928,1589248
HQC-128,encaps,929,1654784
HQC-128,encaps,930,1654784
HQC-128,encaps,931,1654784
HQC-128,encaps,932,1654784
HQC-128,encaps,933,1654784
HQC-128,encaps,934,1654784
HQC-128,encaps,935,1654784
HQC-128,encaps,936,1654784
HQC-128,encaps,937,1654784
HQC-128,encaps,938,1654784
HQC-128,encaps,939,1654784
HQC-128,encaps,940,1654784
HQC-128,encaps,941,1654784
HQC-128,encaps,942,1720320
HQC-128,encaps,943,1654784
HQC-128,encaps,944,1654784
HQC-128,encaps,945,1654784
HQC-128,encaps,946,1687552
HQC-128,encaps,947,1589248
HQC-128,encaps,948,1589248
HQC-128,encaps,949,1589248
HQC-128,encaps,950,1654784
HQC-128,encaps,951,1654784
HQC-128,encaps,952,1654784
HQC-128,encaps,953,1654784
HQC-128,encaps,954,1654784
HQC-128,encaps,955,1654784
HQC-128,encaps,956,1654784
HQC-128,encaps,957,1654784
HQC-128,encaps,958,1654784
HQC-128,encaps,959,1589248
HQC-128,encaps,960,1654784
HQC-128,encaps,961,1654784
HQC-128,encaps,962,1589248
HQC-128,encaps,963,1654784
HQC-128,encaps,964,1654784
HQC-128,encaps,965,1589248
HQC-128,encaps,966,1654784
HQC-128,encaps,967,1654784
HQC-128,encaps,968,1654784
HQC-128,encaps,969,1654784
HQC-128,encaps,970,1654784
HQC-128,encaps,971,1589248
HQC-128,encaps,972,1654784
HQC-128,encaps,973,1654784
HQC-128,encaps,974,1654784
HQC-128,encaps,975,1654784
HQC-128,encaps,976,1654784
HQC-128,encaps,977,1654784
HQC-128,encaps,978,1654784
HQC-128,encaps,979,1654784
HQC-128,encaps,980,1654784
HQC-128,encaps,981,1654784
HQC-128,encaps,982,1654784
HQC-128,encaps,983,1654784
HQC-128,encaps,984,1654784
HQC-128,encaps,985,1654784
HQC-128,encaps,986,1589248
HQC-128,encaps,987,1654784
HQC-128,encaps,988,1654784
HQC-128,encaps,989,1589248
HQC-128,encaps,990,1654784
HQC-128,encaps,991,1654784
HQC-128,encaps,992,1654784
HQC-128,encaps,993,1589248
HQC-128,encaps,994,1654784
HQC-128,encaps,995,1654784
HQC-128,encaps,996,1654784
HQC-128,encaps,997,1654784
HQC-128,encaps,998,1654784
HQC-128,encaps,999,1654784
HQC-128,encaps,1000,1654784
HQC-128,decaps,1,1589248
HQC-128,decaps,2,1589248
HQC-128,decaps,3,1622016
HQC-128,decaps,4,1622016
HQC-128,decaps,5,1654784
HQC-128,decaps,6,1622016
HQC-128,decaps,7,1622016
HQC-128,decaps,8,1654784
HQC-128,decaps,9,1589248
HQC-128,decaps,10,1622016
HQC-128,decaps,11,1622016
HQC-128,decaps,12,1622016
HQC-128,decaps,13,1622016
HQC-128,decaps,14,1622016
HQC-128,decaps,15,1589248
HQC-128,decaps,16,1622016
HQC-128,decaps,17,1654784
HQC-128,decaps,18,1622016
HQC-128,decaps,19,1622016
HQC-128,decaps,20,1622016
HQC-128,decaps,21,1622016
HQC-128,decaps,22,1720320
HQC-128,decaps,23,1622016
HQC-128,decaps,24,1622016
HQC-128,decaps,25,1622016
HQC-128,decaps,26,1654784
HQC-128,decaps,27,1622016
HQC-128,decaps,28,1654784
HQC-128,decaps,29,1654784
HQC-128,decaps,30,1654784
HQC-128,decaps,31,1622016
HQC-128,decaps,32,1622016
HQC-128,decaps,33,1687552
HQC-128,decaps,34,1622016
HQC-128,decaps,35,1589248
HQC-128,decaps,36,1622016
HQC-128,decaps,37,1622016
HQC-128,decaps,38,1622016
HQC-128,decaps,39,1622016
HQC-128,decaps,40,1654784
HQC-128,decaps,41,1654784
HQC-128,decaps,42,1622016
HQC-128,decaps,43,1622016
HQC-128,decaps,44,1589248
HQC-128,decaps,45,1622016
HQC-128,decaps,46,1622016
HQC-128,decaps,47,1622016
HQC-128,decaps,48,1622016
HQC-128,decaps,49,1654784
HQC-128,decaps,50,1622016
HQC-128,decaps,51,1622016
HQC-128,decaps,52,1622016
HQC-128,decaps,53,1654784
HQC-128,decaps,54,1622016
HQC-128,decaps,55,1654784
HQC-128,decaps,56,1622016
HQC-128,decaps,57,1622016
HQC-128,decaps,58,1589248
HQC-128,decaps,59,1622016
HQC-128,decaps,60,1622016
HQC-128,decaps,61,1654784
HQC-128,decaps,62,1622016
HQC-128,decaps,63,1589248
HQC-128,decaps,64,1622016
HQC-128,decaps,65,1622016
HQC-128,decaps,66,1589248
HQC-128,decaps,67,1654784
HQC-128,decaps,68,1589248
HQC-128,decaps,69,1622016
HQC-128,decaps,70,1622016
HQC-128,decaps,71,1622016
HQC-128,decaps,72,1622016
HQC-128,decaps,73,1589248
HQC-128,decaps,74,1622016
HQC-128,decaps,75,1720320
HQC-128,decaps,76,1654784
HQC-128,decaps,77,1622016
HQC-128,decaps,78,1622016
HQC-128,decaps,79,1622016
HQC-128,decaps,80,1622016
HQC-128,decaps,81,1654784
HQC-128,decaps,82,1622016
HQC-128,decaps,83,1654784
HQC-128,decaps,84,1622016
HQC-128,decaps,85,1622016
HQC-128,decaps,86,1622016
HQC-128,decaps,87,1622016
HQC-128,decaps,88,1654784
HQC-128,decaps,89,1622016
HQC-128,decaps,90,1622016
HQC-128,decaps,91,1622016
HQC-128,decaps,92,1622016
HQC-128,decaps,93,1589248
HQC-128,decaps,94,1622016
HQC-128,decaps,95,1654784
HQC-128,decaps,96,1654784
HQC-128,decaps,97,1654784
HQC-128,decaps,98,1622016
HQC-128,decaps,99,1654784
HQC-128,decaps,100,1622016
HQC-128,decaps,101,1622016
HQC-128,decaps,102,1622016
HQC-128,decaps,103,1622016
HQC-128,decaps,104,1622016
HQC-128,decaps,105,1654784
HQC-128,decaps,106,1622016
HQC-128,decaps,107,1622016
HQC-128,decaps,108,1589248
HQC-128,decaps,109,1589248
HQC-128,decaps,110,1654784
HQC-128,decaps,111,1589248
HQC-128,decaps,112,1654784
HQC-128,decaps,113,1622016
HQC-128,decaps,114,1622016
HQC-128,decaps,115,1720320
HQC-128,decaps,116,1622016
HQC-128,decaps,117,1622016
HQC-128,decaps,118,1622016
HQC-128,decaps,119,1589248
HQC-128,decaps,120,1622016
HQC-128,decaps,121,1622016
HQC-128,decaps,122,1654784
HQC-128,decaps,123,1654784
HQC-128,decaps,124,1654784
HQC-128,decaps,125,1589248
HQC-128,decaps,126,1622016
HQC-128,decaps,127,1654784
HQC-128,decaps,128,1622016
HQC-128,decaps,129,1622016
HQC-128,decaps,130,1622016
HQC-128,decaps,131,1622016
HQC-128,decaps,132,1622016
HQC-128,decaps,133,1622016
HQC-128,decaps,134,1654784
HQC-128,decaps,135,1622016
HQC-128,decaps,136,1622016
HQC-128,decaps,137,1622016
HQC-128,decaps,138,1687552
HQC-128,decaps,139,1622016
HQC-128,decaps,140,1622016
HQC-128,decaps,141,1589248
HQC-128,decaps,142,1654784
HQC-128,decaps,143,1622016
HQC-128,decaps,144,1654784
HQC-128,decaps,145,1622016
HQC-128,decaps,146,1622016
HQC-128,decaps,147,1589248
HQC-128,decaps,148,1622016
HQC-128,decaps,149,1622016
HQC-128,decaps,150,1589248
HQC-128,decaps,151,1622016
HQC-128,decaps,152,1622016
HQC-128,decaps,153,1654784
HQC-128,decaps,154,1622016
HQC-128,decaps,155,1622016
HQC-128,decaps,156,1622016
HQC-128,decaps,157,1622016
HQC-128,decaps,158,1622016
HQC-128,decaps,159,1622016
HQC-128,decaps,160,1622016
HQC-128,decaps,161,1654784
HQC-128,decaps,162,1589248
HQC-128,decaps,163,1622016
HQC-128,decaps,164,1589248
HQC-128,decaps,165,1654784
HQC-128,decaps,166,1622016
HQC-128,decaps,167,1654784
HQC-128,decaps,168,1654784
HQC-128,decaps,169,1654784
HQC-128,decaps,170,1622016
HQC-128,decaps,171,1622016
HQC-128,decaps,172,1622016
HQC-128,decaps,173,1589248
HQC-128,decaps,174,1589248
HQC-128,decaps,175,1589248
HQC-128,decaps,176,1654784
HQC-128,decaps,177,1622016
HQC-128,decaps,178,1622016
HQC-128,decaps,179,1622016
HQC-128,decaps,180,1654784
HQC-128,decaps,181,1654784
HQC-128,decaps,182,1622016
HQC-128,decaps,183,1622016
HQC-128,decaps,184,1622016
HQC-128,decaps,185,1589248
HQC-128,decaps,186,1622016
HQC-128,decaps,187,1654784
HQC-128,decaps,188,1622016
HQC-128,decaps,189,1654784
HQC-128,decaps,190,1654784
HQC-128,decaps,191,1622016
HQC-128,decaps,192,1654784
HQC-128,decaps,193,1622016
HQC-128,decaps,194,1622016
HQC-128,decaps,195,1622016
HQC-128,decaps,196,1622016
HQC-128,decaps,197,1622016
HQC-128,decaps,198,1589248
HQC-128,decaps,199,1622016
HQC-128,decaps,200,1622016
HQC-128,decaps,201,1622016
HQC-128,decaps,202,1654784
HQC-128,decaps,203,1622016
HQC-128,decaps,204,1622016
HQC-128,decaps,205,1622016
HQC-128,decaps,206,1589248
HQC-128,decaps,207,1622016
HQC-128,decaps,208,1589248
HQC-128,decaps,209,1622016
HQC-128,decaps,210,1622016
HQC-128,decaps,211,1622016
HQC-128,decaps,212,1654784
HQC-128,decaps,213,1654784
HQC-128,decaps,214,1622016
HQC-128,decaps,215,1589248
HQC-128,decaps,216,1622016
HQC-128,decaps,217,1589248
HQC-128,decaps,218,1589248
HQC-128,decaps,219,1622016
HQC-128,decaps,220,1654784
HQC-128,decaps,221,1622016
HQC-128,decaps,222,1622016
HQC-128,decaps,223,1654784
HQC-128,decaps,224,1622016
HQC-128,decaps,225,1654784
HQC-128,decaps,226,1654784
HQC-128,decaps,227,1622016
HQC-128,decaps,228,1622016
HQC-128,decaps,229,1622016
HQC-128,decaps,230,1622016
HQC-128,decaps,231,1622016
HQC-128,decaps,232,1622016
HQC-128,decaps,233,1654784
HQC-128,decaps,234,1622016
HQC-128,decaps,235,1622016
HQC-128,decaps,236,1622016
HQC-128,decaps,237,1622016
HQC-128,decaps,238,1622016
HQC-128,decaps,239,1622016
HQC-128,decaps,240,1622016
HQC-128,decaps,241,1622016
HQC-128,decaps,242,1622016
HQC-128,decaps,243,1622016
HQC-128,decaps,244,1622016
HQC-128,decaps,245,1589248
HQC-128,decaps,246,1654784
HQC-128,decaps,247,1622016
HQC-128,decaps,248,1622016
HQC-128,decaps,249,1589248
HQC-128,decaps,250,1589248
HQC-128,decaps,251,1622016
HQC-128,decaps,252,1622016
HQC-128,decaps,253,1687552
HQC-128,decaps,254,1622016
HQC-128,decaps,255,1622016
HQC-128,decaps,256,1622016
HQC-128,decaps,257,1622016
HQC-128,decaps,258,1622016
HQC-128,decaps,259,1622016
HQC-128,decaps,260,1622016
HQC-128,decaps,261,1622016
HQC-128,decaps,262,1622016
HQC-128,decaps,263,1622016
HQC-128,decaps,264,1687552
HQC-128,decaps,265,1622016
HQC-128,decaps,266,1622016
HQC-128,decaps,267,1622016
HQC-128,decaps,268,1654784
HQC-128,decaps,269,1589248
HQC-128,decaps,270,1654784
HQC-128,decaps,271,1654784
HQC-128,decaps,272,1622016
HQC-128,decaps,273,1622016
HQC-128,decaps,274,1622016
HQC-128,decaps,275,1622016
HQC-128,decaps,276,1589248
HQC-128,decaps,277,1622016
HQC-128,decaps,278,1654784
HQC-128,decaps,279,1622016
HQC-128,decaps,280,1622016
HQC-128,decaps,281,1622016
HQC-128,decaps,282,1654784
HQC-128,decaps,283,1622016
HQC-128,decaps,284,1622016
HQC-128,decaps,285,1622016
HQC-128,decaps,286,1589248
HQC-128,decaps,287,1622016
HQC-128,decaps,288,1622016
HQC-128,decaps,289,1654784
HQC-128,decaps,290,1654784
HQC-128,decaps,291,1622016
HQC-128,decaps,292,1622016
HQC-128,decaps,293,1622016
HQC-128,decaps,294,1622016
HQC-128,decaps,295,1622016
HQC-128,decaps,296,1622016
HQC-128,decaps,297,1622016
HQC-128,decaps,298,1622016
HQC-128,decaps,299,1622016
HQC-128,decaps,300,1622016
HQC-128,decaps,301,1622016
HQC-128,decaps,302,1622016
HQC-128,decaps,303,1622016
HQC-128,decaps,304,1622016
HQC-128,decaps,305,1622016
HQC-128,decaps,306,1622016
HQC-128,decaps,307,1589248
HQC-128,decaps,308,1622016
HQC-128,decaps,309,1622016
HQC-128,decaps,310,1622016
HQC-128,decaps,311,1654784
HQC-128,decaps,312,1654784
HQC-128,decaps,313,1622016
HQC-128,decaps,314,1622016
HQC-128,decaps,315,1589248
HQC-128,decaps,316,1622016
HQC-128,decaps,317,1687552
HQC-128,decaps,318,1622016
HQC-128,decaps,319,1654784
HQC-128,decaps,320,1622016
HQC-128,decaps,321,1622016
HQC-128,decaps,322,1622016
HQC-128,decaps,323,1589248
HQC-128,decaps,324,1622016
HQC-128,decaps,325,1622016
HQC-128,decaps,326,1622016
HQC-128,decaps,327,1622016
HQC-128,decaps,328,1622016
HQC-128,decaps,329,1622016
HQC-128,decaps,330,1622016
HQC-128,decaps,331,1622016
HQC-128,decaps,332,1654784
HQC-128,decaps,333,1654784
HQC-128,decaps,334,1654784
HQC-128,decaps,335,1622016
HQC-128,decaps,336,1622016
HQC-128,decaps,337,1589248
HQC-128,decaps,338,1622016
HQC-128,decaps,339,1589248
HQC-128,decaps,340,1589248
HQC-128,decaps,341,1589248
HQC-128,decaps,342,1622016
HQC-128,decaps,343,1654784
HQC-128,decaps,344,1589248
HQC-128,decaps,345,1622016
HQC-128,decaps,346,1622016
HQC-128,decaps,347,1589248
HQC-128,decaps,348,1622016
HQC-128,decaps,349,1622016
HQC-128,decaps,350,1622016
HQC-128,decaps,351,1622016
HQC-128,decaps,352,1622016
HQC-128,decaps,353,1622016
HQC-128,decaps,354,1654784
HQC-128,decaps,355,1622016
HQC-128,decaps,356,1654784
HQC-128,decaps,357,1654784
HQC-128,decaps,358,1622016
HQC-128,decaps,359,1622016
HQC-128,decaps,360,1622016
HQC-128,decaps,361,1622016
HQC-128,decaps,362,1622016
HQC-128,decaps,363,1622016
HQC-128,decaps,364,1654784
HQC-128,decaps,365,1622016
HQC-128,decaps,366,1622016
HQC-128,decaps,367,1654784
HQC-128,decaps,368,1654784
HQC-128,decaps,369,1654784
HQC-128,decaps,370,1622016
HQC-128,decaps,371,1622016
HQC-128,decaps,372,1622016
HQC-128,decaps,373,1589248
HQC-128,decaps,374,1622016
HQC-128,decaps,375,1622016
HQC-128,decaps,376,1654784
HQC-128,decaps,377,1654784
HQC-128,decaps,378,1654784
HQC-128,decaps,379,1589248
HQC-128,decaps,380,1622016
HQC-128,decaps,381,1622016
HQC-128,decaps,382,1622016
HQC-128,decaps,383,1622016
HQC-128,decaps,384,1589248
HQC-128,decaps,385,1622016
HQC-128,decaps,386,1622016
HQC-128,decaps,387,1622016
HQC-128,decaps,388,1654784
HQC-128,decaps,389,1654784
HQC-128,decaps,390,1622016
HQC-128,decaps,391,1654784
HQC-128,decaps,392,1622016
HQC-128,decaps,393,1622016
HQC-128,decaps,394,1622016
HQC-128,decaps,395,1622016
HQC-128,decaps,396,1589248
HQC-128,decaps,397,1622016
HQC-128,decaps,398,1654784
HQC-128,decaps,399,1622016
HQC-128,decaps,400,1654784
HQC-128,decaps,401,1622016
HQC-128,decaps,402,1654784
HQC-128,decaps,403,1622016
HQC-128,decaps,404,1589248
HQC-128,decaps,405,1622016
HQC-128,decaps,406,1622016
HQC-128,decaps,407,1622016
HQC-128,decaps,408,1622016
HQC-128,decaps,409,1654784
HQC-128,decaps,410,1654784
HQC-128,decaps,411,1654784
HQC-128,decaps,412,1589248
HQC-128,decaps,413,1654784
HQC-128,decaps,414,1622016
HQC-128,decaps,415,1622016
HQC-128,decaps,416,1687552
HQC-128,decaps,417,1622016
HQC-128,decaps,418,1622016
HQC-128,decaps,419,1622016
HQC-128,decaps,420,1622016
HQC-128,decaps,421,1622016
HQC-128,decaps,422,1654784
HQC-128,decaps,423,1622016
HQC-128,decaps,424,1622016
HQC-128,decaps,425,1622016
HQC-128,decaps,426,1622016
HQC-128,decaps,427,1687552
HQC-128,decaps,428,1622016
HQC-128,decaps,429,1589248
HQC-128,decaps,430,1589248
HQC-128,decaps,431,1654784
HQC-128,decaps,432,1654784
HQC-128,decaps,433,1654784
HQC-128,decaps,434,1654784
HQC-128,decaps,435,1622016
HQC-128,decaps,436,1622016
HQC-128,decaps,437,1622016
HQC-128,decaps,438,1622016
HQC-128,decaps,439,1622016
HQC-128,decaps,440,1622016
HQC-128,decaps,441,1622016
HQC-128,decaps,442,1622016
HQC-128,decaps,443,1654784
HQC-128,decaps,444,1622016
HQC-128,decaps,445,1622016
HQC-128,decaps,446,1622016
HQC-128,decaps,447,1622016
HQC-128,decaps,448,1687552
HQC-128,decaps,449,1622016
HQC-128,decaps,450,1622016
HQC-128,decaps,451,1622016
HQC-128,decaps,452,1622016
HQC-128,decaps,453,1622016
HQC-128,decaps,454,1654784
HQC-128,decaps,455,1654784
HQC-128,decaps,456,1622016
HQC-128,decaps,457,1622016
HQC-128,decaps,458,1589248
HQC-128,decaps,459,1687552
HQC-128,decaps,460,1622016
HQC-128,decaps,461,1622016
HQC-128,decaps,462,1622016
HQC-128,decaps,463,1622016
HQC-128,decaps,464,1622016
HQC-128,decaps,465,1654784
HQC-128,decaps,466,1654784
HQC-128,decaps,467,1622016
HQC-128,decaps,468,1622016
HQC-128,decaps,469,1622016
HQC-128,decaps,470,1654784
HQC-128,decaps,471,1622016
HQC-128,decaps,472,1622016
HQC-128,decaps,473,1622016
HQC-128,decaps,474,1622016
HQC-128,decaps,475,1622016
HQC-128,decaps,476,1622016
HQC-128,decaps,477,1622016
HQC-128,decaps,478,1622016
HQC-128,decaps,479,1622016
HQC-128,decaps,480,1622016
HQC-128,decaps,481,1654784
HQC-128,decaps,482,1622016
HQC-128,decaps,483,1622016
HQC-128,decaps,484,1654784
HQC-128,decaps,485,1589248
HQC-128,decaps,486,1622016
HQC-128,decaps,487,1589248
HQC-128,decaps,488,1622016
HQC-128,decaps,489,1622016
HQC-128,decaps,490,1654784
HQC-128,decaps,491,1622016
HQC-128,decaps,492,1622016
HQC-128,decaps,493,1654784
HQC-128,decaps,494,1589248
HQC-128,decaps,495,1589248
HQC-128,decaps,496,1622016
HQC-128,decaps,497,1622016
HQC-128,decaps,498,1654784
HQC-128,decaps,499,1654784
HQC-128,decaps,500,1622016
HQC-128,decaps,501,1654784
HQC-128,decaps,502,1589248
HQC-128,decaps,503,1622016
HQC-128,decaps,504,1622016
HQC-128,decaps,505,1687552
HQC-128,decaps,506,1622016
HQC-128,decaps,507,1622016
HQC-128,decaps,508,1622016
HQC-128,decaps,509,1622016
HQC-128,decaps,510,1622016
HQC-128,decaps,511,1622016
HQC-128,decaps,512,1622016
HQC-128,decaps,513,1622016
HQC-128,decaps,514,1622016
HQC-128,decaps,515,1622016
HQC-128,decaps,516,1622016
HQC-128,decaps,517,1622016
HQC-128,decaps,518,1622016
HQC-128,decaps,519,1622016
HQC-128,decaps,520,1622016
HQC-128,decaps,521,1622016
HQC-128,decaps,522,1589248
HQC-128,decaps,523,1622016
HQC-128,decaps,524,1654784
HQC-128,decaps,525,1622016
HQC-128,decaps,526,1622016
HQC-128,decaps,527,1622016
HQC-128,decaps,528,1589248
HQC-128,decaps,529,1622016
HQC-128,decaps,530,1622016
HQC-128,decaps,531,1589248
HQC-128,decaps,532,1589248
HQC-128,decaps,533,1654784
HQC-128,decaps,534,1622016
HQC-128,decaps,535,1654784
HQC-128,decaps,536,1654784
HQC-128,decaps,537,1622016
HQC-128,decaps,538,1622016
HQC-128,decaps,539,1654784
HQC-128,decaps,540,1622016
HQC-128,decaps,541,1622016
HQC-128,decaps,542,1687552
HQC-128,decaps,543,1622016
HQC-128,decaps,544,1622016
HQC-128,decaps,545,1622016
HQC-128,decaps,546,1654784
HQC-128,decaps,547,1589248
HQC-128,decaps,548,1654784
HQC-128,decaps,549,1622016
HQC-128,decaps,550,1654784
HQC-128,decaps,551,1622016
HQC-128,decaps,552,1622016
HQC-128,decaps,553,1654784
HQC-128,decaps,554,1622016
HQC-128,decaps,555,1622016
HQC-128,decaps,556,1589248
HQC-128,decaps,557,1622016
HQC-128,decaps,558,1622016
HQC-128,decaps,559,1654784
HQC-128,decaps,560,1654784
HQC-128,decaps,561,1622016
HQC-128,decaps,562,1622016
HQC-128,decaps,563,1622016
HQC-128,decaps,564,1654784
HQC-128,decaps,565,1589248
HQC-128,decaps,566,1622016
HQC-128,decaps,567,1622016
HQC-128,decaps,568,1622016
HQC-128,decaps,569,1622016
HQC-128,decaps,570,1589248
HQC-128,decaps,571,1654784
HQC-128,decaps,572,1622016
HQC-128,decaps,573,1622016
HQC-128,decaps,574,1589248
HQC-128,decaps,575,1622016
HQC-128,decaps,576,1622016
HQC-128,decaps,577,1589248
HQC-128,decaps,578,1654784
HQC-128,decaps,579,1622016
HQC-128,decaps,580,1654784
HQC-128,decaps,581,1622016
HQC-128,decaps,582,1622016
HQC-128,decaps,583,1622016
HQC-128,decaps,584,1622016
HQC-128,decaps,585,1622016
HQC-128,decaps,586,1589248
HQC-128,decaps,587,1622016
HQC-128,decaps,588,1622016
HQC-128,decaps,589,1654784
HQC-128,decaps,590,1654784
HQC-128,decaps,591,1622016
HQC-128,decaps,592,1622016
HQC-128,decaps,593,1622016
HQC-128,decaps,594,1622016
HQC-128,decaps,595,1622016
HQC-128,decaps,596,1654784
HQC-128,decaps,597,1622016
HQC-128,decaps,598,1622016
HQC-128,decaps,599,1622016
HQC-128,decaps,600,1654784
HQC-128,decaps,601,1622016
HQC-128,decaps,602,1654784
HQC-128,decaps,603,1622016
HQC-128,decaps,604,1622016
HQC-128,decaps,605,1622016
HQC-128,decaps,606,1589248
HQC-128,decaps,607,1687552
HQC-128,decaps,608,1622016
HQC-128,decaps,609,1589248
HQC-128,decaps,610,1622016
HQC-128,decaps,611,1622016
HQC-128,decaps,612,1622016
HQC-128,decaps,613,1654784
HQC-128,decaps,614,1654784
HQC-128,decaps,615,1622016
HQC-128,decaps,616,1622016
HQC-128,decaps,617,1622016
HQC-128,decaps,618,1622016
HQC-128,decaps,619,1654784
HQC-128,decaps,620,1622016
HQC-128,decaps,621,1622016
HQC-128,decaps,622,1654784
HQC-128,decaps,623,1622016
HQC-128,decaps,624,1622016
HQC-128,decaps,625,1622016
HQC-128,decaps,626,1622016
HQC-128,decaps,627,1622016
HQC-128,decaps,628,1589248
HQC-128,decaps,629,1654784
HQC-128,decaps,630,1654784
HQC-128,decaps,631,1622016
HQC-128,decaps,632,1589248
HQC-128,decaps,633,1654784
HQC-128,decaps,634,1654784
HQC-128,decaps,635,1622016
HQC-128,decaps,636,1654784
HQC-128,decaps,637,1622016
HQC-128,decaps,638,1622016
HQC-128,decaps,639,1622016
HQC-128,decaps,640,1622016
HQC-128,decaps,641,1622016
HQC-128,decaps,642,1622016
HQC-128,decaps,643,1622016
HQC-128,decaps,644,1622016
HQC-128,decaps,645,1622016
HQC-128,decaps,646,1654784
HQC-128,decaps,647,1654784
HQC-128,decaps,648,1654784
HQC-128,decaps,649,1622016
HQC-128,decaps,650,1622016
HQC-128,decaps,651,1622016
HQC-128,decaps,652,1622016
HQC-128,decaps,653,1589248
HQC-128,decaps,654,1589248
HQC-128,decaps,655,1654784
HQC-128,decaps,656,1622016
HQC-128,decaps,657,1654784
HQC-128,decaps,658,1654784
HQC-128,decaps,659,1622016
HQC-128,decaps,660,1622016
HQC-128,decaps,661,1622016
HQC-128,decaps,662,1687552
HQC-128,decaps,663,1622016
HQC-128,decaps,664,1622016
HQC-128,decaps,665,1622016
HQC-128,decaps,666,1622016
HQC-128,decaps,667,1622016
HQC-128,decaps,668,1622016
HQC-128,decaps,669,1654784
HQC-128,decaps,670,1622016
HQC-128,decaps,671,1622016
HQC-128,decaps,672,1589248
HQC-128,decaps,673,1671168
HQC-128,decaps,674,1622016
HQC-128,decaps,675,1622016
HQC-128,decaps,676,1622016
HQC-128,decaps,677,1654784
HQC-128,decaps,678,1654784
HQC-128,decaps,679,1654784
HQC-128,decaps,680,1622016
HQC-128,decaps,681,1622016
HQC-128,decaps,682,1622016
HQC-128,decaps,683,1622016
HQC-128,decaps,684,1654784
HQC-128,decaps,685,1622016
HQC-128,decaps,686,1589248
HQC-128,decaps,687,1622016
HQC-128,decaps,688,1589248
HQC-128,decaps,689,1654784
HQC-128,decaps,690,1654784
HQC-128,decaps,691,1622016
HQC-128,decaps,692,1622016
HQC-128,decaps,693,1622016
HQC-128,decaps,694,1654784
HQC-128,decaps,695,1589248
HQC-128,decaps,696,1622016
HQC-128,decaps,697,1589248
HQC-128,decaps,698,1654784
HQC-128,decaps,699,1622016
HQC-128,decaps,700,1622016
HQC-128,decaps,701,1654784
HQC-128,decaps,702,1654784
HQC-128,decaps,703,1622016
HQC-128,decaps,704,1622016
HQC-128,decaps,705,1622016
HQC-128,decaps,706,1622016
HQC-128,decaps,707,1622016
HQC-128,decaps,708,1622016
HQC-128,decaps,709,1622016
HQC-128,decaps,710,1622016
HQC-128,decaps,711,1622016
HQC-128,decaps,712,1622016
HQC-128,decaps,713,1654784
HQC-128,decaps,714,1622016
HQC-128,decaps,715,1622016
HQC-128,decaps,716,1622016
HQC-128,decaps,717,1622016
HQC-128,decaps,718,1622016
HQC-128,decaps,719,1622016
HQC-128,decaps,720,1622016
HQC-128,decaps,721,1622016
HQC-128,decaps,722,1622016
HQC-128,decaps,723,1622016
HQC-128,decaps,724,1622016
HQC-128,decaps,725,1622016
HQC-128,decaps,726,1622016
HQC-128,decaps,727,1622016
HQC-128,decaps,728,1622016
HQC-128,decaps,729,1622016
HQC-128,decaps,730,1654784
HQC-128,decaps,731,1622016
HQC-128,decaps,732,1622016
HQC-128,decaps,733,1622016
HQC-128,decaps,734,1622016
HQC-128,decaps,735,1654784
HQC-128,decaps,736,1589248
HQC-128,decaps,737,1589248
HQC-128,decaps,738,1622016
HQC-128,decaps,739,1622016
HQC-128,decaps,740,1622016
HQC-128,decaps,741,1622016
HQC-128,decaps,742,1622016
HQC-128,decaps,743,1622016
HQC-128,decaps,744,1622016
HQC-128,decaps,745,1622016
HQC-128,decaps,746,1622016
HQC-128,decaps,747,1589248
HQC-128,decaps,748,1622016
HQC-128,decaps,749,1622016
HQC-128,decaps,750,1622016
HQC-128,decaps,751,1654784
HQC-128,decaps,752,1622016
HQC-128,decaps,753,1654784
HQC-128,decaps,754,1622016
HQC-128,decaps,755,1589248
HQC-128,decaps,756,1622016
HQC-128,decaps,757,1622016
HQC-128,decaps,758,1622016
HQC-128,decaps,759,1622016
HQC-128,decaps,760,1622016
HQC-128,decaps,761,1622016
HQC-128,decaps,762,1654784
HQC-128,decaps,763,1622016
HQC-128,decaps,764,1622016
HQC-128,decaps,765,1622016
HQC-128,decaps,766,1622016
HQC-128,decaps,767,1589248
HQC-128,decaps,768,1589248
HQC-128,decaps,769,1589248
HQC-128,decaps,770,1622016
HQC-128,decaps,771,1622016
HQC-128,decaps,772,1622016
HQC-128,decaps,773,1654784
HQC-128,decaps,774,1622016
HQC-128,decaps,775,1622016
HQC-128,decaps,776,1654784
HQC-128,decaps,777,1622016
HQC-128,decaps,778,1654784
HQC-128,decaps,779,1622016
HQC-128,decaps,780,1622016
HQC-128,decaps,781,1622016
HQC-128,decaps,782,1589248
HQC-128,decaps,783,1622016
HQC-128,decaps,784,1622016
HQC-128,decaps,785,1622016
HQC-128,decaps,786,1654784
HQC-128,decaps,787,1622016
HQC-128,decaps,788,1622016
HQC-128,decaps,789,1622016
HQC-128,decaps,790,1622016
HQC-128,decaps,791,1622016
HQC-128,decaps,792,1589248
HQC-128,decaps,793,1622016
HQC-128,decaps,794,1622016
HQC-128,decaps,795,1589248
HQC-128,decaps,796,1622016
HQC-128,decaps,797,1622016
HQC-128,decaps,798,1622016
HQC-128,decaps,799,1589248
HQC-128,decaps,800,1622016
HQC-128,decaps,801,1622016
HQC-128,decaps,802,1622016
HQC-128,decaps,803,1622016
HQC-128,decaps,804,1589248
HQC-128,decaps,805,1622016
HQC-128,decaps,806,1622016
HQC-128,decaps,807,1589248
HQC-128,decaps,808,1622016
HQC-128,decaps,809,1654784
HQC-128,decaps,810,1622016
HQC-128,decaps,811,1589248
HQC-128,decaps,812,1622016
HQC-128,decaps,813,1622016
HQC-128,decaps,814,1622016
HQC-128,decaps,815,1622016
HQC-128,decaps,816,1622016
HQC-128,decaps,817,1654784
HQC-128,decaps,818,1720320
HQC-128,decaps,819,1622016
HQC-128,decaps,820,1589248
HQC-128,decaps,821,1687552
HQC-128,decaps,822,1622016
HQC-128,decaps,823,1622016
HQC-128,decaps,824,1622016
HQC-128,decaps,825,1622016
HQC-128,decaps,826,1622016
HQC-128,decaps,827,1654784
HQC-128,decaps,828,1654784
HQC-128,decaps,829,1654784
HQC-128,decaps,830,1622016
HQC-128,decaps,831,1622016
HQC-128,decaps,832,1622016
HQC-128,decaps,833,1589248
HQC-128,decaps,834,1622016
HQC-128,decaps,835,1622016
HQC-128,decaps,836,1622016
HQC-128,decaps,837,1622016
HQC-128,decaps,838,1622016
HQC-128,decaps,839,1654784
HQC-128,decaps,840,1622016
HQC-128,decaps,841,1622016
HQC-128,decaps,842,1622016
HQC-128,decaps,843,1589248
HQC-128,decaps,844,1622016
HQC-128,decaps,845,1622016
HQC-128,decaps,846,1622016
HQC-128,decaps,847,1622016
HQC-128,decaps,848,1622016
HQC-128,decaps,849,1622016
HQC-128,decaps,850,1622016
HQC-128,decaps,851,1622016
HQC-128,decaps,852,1622016
HQC-128,decaps,853,1622016
HQC-128,decaps,854,1622016
HQC-128,decaps,855,1589248
HQC-128,decaps,856,1589248
HQC-128,decaps,857,1622016
HQC-128,decaps,858,1622016
HQC-128,decaps,859,1654784
HQC-128,decaps,860,1654784
HQC-128,decaps,861,1622016
HQC-128,decaps,862,1654784
HQC-128,decaps,863,1622016
HQC-128,decaps,864,1622016
HQC-128,decaps,865,1720320
HQC-128,decaps,866,1622016
HQC-128,decaps,867,1589248
HQC-128,decaps,868,1622016
HQC-128,decaps,869,1654784
HQC-128,decaps,870,1622016
HQC-128,decaps,871,1654784
HQC-128,decaps,872,1622016
HQC-128,decaps,873,1622016
HQC-128,decaps,874,1622016
HQC-128,decaps,875,1622016
HQC-128,decaps,876,1622016
HQC-128,decaps,877,1622016
HQC-128,decaps,878,1622016
HQC-128,decaps,879,1622016
HQC-128,decaps,880,1622016
HQC-128,decaps,881,1622016
HQC-128,decaps,882,1654784
HQC-128,decaps,883,1622016
HQC-128,decaps,884,1654784
HQC-128,decaps,885,1622016
HQC-128,decaps,886,1622016
HQC-128,decaps,887,1622016
HQC-128,decaps,888,1622016
HQC-128,decaps,889,1589248
HQC-128,decaps,890,1589248
HQC-128,decaps,891,1654784
HQC-128,decaps,892,1622016
HQC-128,decaps,893,1622016
HQC-128,decaps,894,1589248
HQC-128,decaps,895,1589248
HQC-128,decaps,896,1622016
HQC-128,decaps,897,1622016
HQC-128,decaps,898,1622016
HQC-128,decaps,899,1687552
HQC-128,decaps,900,1622016
HQC-128,decaps,901,1622016
HQC-128,decaps,902,1622016
HQC-128,decaps,903,1622016
HQC-128,decaps,904,1654784
HQC-128,decaps,905,1622016
HQC-128,decaps,906,1589248
HQC-128,decaps,907,1622016
HQC-128,decaps,908,1622016
HQC-128,decaps,909,1622016
HQC-128,decaps,910,1622016
HQC-128,decaps,911,1589248
HQC-128,decaps,912,1622016
HQC-128,decaps,913,1654784
HQC-128,decaps,914,1622016
HQC-128,decaps,915,1654784
HQC-128,decaps,916,1622016
HQC-128,decaps,917,1622016
HQC-128,decaps,918,1622016
HQC-128,decaps,919,1622016
HQC-128,decaps,920,1622016
HQC-128,decaps,921,1687552
HQC-128,decaps,922,1622016
HQC-128,decaps,923,1622016
HQC-128,decaps,924,1622016
HQC-128,decaps,925,1654784
HQC-128,decaps,926,1654784
HQC-128,decaps,927,1622016
HQC-128,decaps,928,1622016
HQC-128,decaps,929,1622016
HQC-128,decaps,930,1654784
HQC-128,decaps,931,1622016
HQC-128,decaps,932,1654784
HQC-128,decaps,933,1589248
HQC-128,decaps,934,1622016
HQC-128,decaps,935,1589248
HQC-128,decaps,936,1622016
HQC-128,decaps,937,1622016
HQC-128,decaps,938,1622016
HQC-128,decaps,939,1622016
HQC-128,decaps,940,1589248
HQC-128,decaps,941,1622016
HQC-128,decaps,942,1622016
HQC-128,decaps,943,1622016
HQC-128,decaps,944,1622016
HQC-128,decaps,945,1622016
HQC-128,decaps,946,1589248
HQC-128,decaps,947,1622016
HQC-128,decaps,948,1654784
HQC-128,decaps,949,1622016
HQC-128,decaps,950,1654784
HQC-128,decaps,951,1622016
HQC-128,decaps,952,1589248
HQC-128,decaps,953,1622016
HQC-128,decaps,954,1720320
HQC-128,decaps,955,1622016
HQC-128,decaps,956,1622016
HQC-128,decaps,957,1622016
HQC-128,decaps,958,1589248
HQC-128,decaps,959,1654784
HQC-128,decaps,960,1654784
HQC-128,decaps,961,1622016
HQC-128,decaps,962,1622016
HQC-128,decaps,963,1622016
HQC-128,decaps,964,1622016
HQC-128,decaps,965,1622016
HQC-128,decaps,966,1589248
HQC-128,decaps,967,1589248
HQC-128,decaps,968,1654784
HQC-128,decaps,969,1622016
HQC-128,decaps,970,1589248
HQC-128,decaps,971,1622016
HQC-128,decaps,972,1654784
HQC-128,decaps,973,1622016
HQC-128,decaps,974,1622016
HQC-128,decaps,975,1622016
HQC-128,decaps,976,1589248
HQC-128,decaps,977,1622016
HQC-128,decaps,978,1622016
HQC-128,decaps,979,1654784
HQC-128,decaps,980,1589248
HQC-128,decaps,981,1622016
HQC-128,decaps,982,1622016
HQC-128,decaps,983,1622016
HQC-128,decaps,984,1622016
HQC-128,decaps,985,1622016
HQC-128,decaps,986,1654784
HQC-128,decaps,987,1589248
HQC-128,decaps,988,1589248
HQC-128,decaps,989,1622016
HQC-128,decaps,990,1622016
HQC-128,decaps,991,1622016
HQC-128,decaps,992,1622016
HQC-128,decaps,993,1622016
HQC-128,decaps,994,1622016
HQC-128,decaps,995,1622016
HQC-128,decaps,996,1622016
HQC-128,decaps,997,1687552
HQC-128,decaps,998,1622016
HQC-128,decaps,999,1622016
HQC-128,decaps,1000,1654784
HQC-192,keygen,1,1622016
HQC-192,keygen,2,1622016
HQC-192,keygen,3,1622016
HQC-192,keygen,4,1622016
HQC-192,keygen,5,1622016
HQC-192,keygen,6,1622016
HQC-192,keygen,7,1622016
HQC-192,keygen,8,1622016
HQC-192,keygen,9,1622016
HQC-192,keygen,10,1622016
HQC-192,keygen,11,1622016
HQC-192,keygen,12,1622016
HQC-192,keygen,13,1622016
HQC-192,keygen,14,1622016
HQC-192,keygen,15,1622016
HQC-192,keygen,16,1589248
HQC-192,keygen,17,1589248
HQC-192,keygen,18,1622016
HQC-192,keygen,19,1622016
HQC-192,keygen,20,1589248
HQC-192,keygen,21,1622016
HQC-192,keygen,22,1622016
HQC-192,keygen,23,1589248
HQC-192,keygen,24,1622016
HQC-192,keygen,25,1622016
HQC-192,keygen,26,1622016
HQC-192,keygen,27,1687552
HQC-192,keygen,28,1622016
HQC-192,keygen,29,1622016
HQC-192,keygen,30,1622016
HQC-192,keygen,31,1622016
HQC-192,keygen,32,1622016
HQC-192,keygen,33,1622016
HQC-192,keygen,34,1687552
HQC-192,keygen,35,1622016
HQC-192,keygen,36,1622016
HQC-192,keygen,37,1622016
HQC-192,keygen,38,1622016
HQC-192,keygen,39,1622016
HQC-192,keygen,40,1622016
HQC-192,keygen,41,1687552
HQC-192,keygen,42,1622016
HQC-192,keygen,43,1622016
HQC-192,keygen,44,1622016
HQC-192,keygen,45,1622016
HQC-192,keygen,46,1622016
HQC-192,keygen,47,1589248
HQC-192,keygen,48,1654784
HQC-192,keygen,49,1589248
HQC-192,keygen,50,1622016
HQC-192,keygen,51,1589248
HQC-192,keygen,52,1622016
HQC-192,keygen,53,1622016
HQC-192,keygen,54,1622016
HQC-192,keygen,55,1622016
HQC-192,keygen,56,1622016
HQC-192,keygen,57,1622016
HQC-192,keygen,58,1622016
HQC-192,keygen,59,1589248
HQC-192,keygen,60,1622016
HQC-192,keygen,61,1622016
HQC-192,keygen,62,1589248
HQC-192,keygen,63,1622016
HQC-192,keygen,64,1622016
HQC-192,keygen,65,1622016
HQC-192,keygen,66,1622016
HQC-192,keygen,67,1622016
HQC-192,keygen,68,1622016
HQC-192,keygen,69,1622016
HQC-192,keygen,70,1622016
HQC-192,keygen,71,1589248
HQC-192,keygen,72,1622016
HQC-192,keygen,73,1622016
HQC-192,keygen,74,1589248
HQC-192,keygen,75,1622016
HQC-192,keygen,76,1622016
HQC-192,keygen,77,1622016
HQC-192,keygen,78,1589248
HQC-192,keygen,79,1589248
HQC-192,keygen,80,1622016
HQC-192,keygen,81,1589248
HQC-192,keygen,82,1720320
HQC-192,keygen,83,1622016
HQC-192,keygen,84,1622016
HQC-192,keygen,85,1622016
HQC-192,keygen,86,1589248
HQC-192,keygen,87,1622016
HQC-192,keygen,88,1589248
HQC-192,keygen,89,1622016
HQC-192,keygen,90,1589248
HQC-192,keygen,91,1622016
HQC-192,keygen,92,1622016
HQC-192,keygen,93,1622016
HQC-192,keygen,94,1622016
HQC-192,keygen,95,1622016
HQC-192,keygen,96,1622016
HQC-192,keygen,97,1622016
HQC-192,keygen,98,1622016
HQC-192,keygen,99,1589248
HQC-192,keygen,100,1622016
HQC-192,keygen,101,1622016
HQC-192,keygen,102,1622016
HQC-192,keygen,103,1622016
HQC-192,keygen,104,1622016
HQC-192,keygen,105,1622016
HQC-192,keygen,106,1622016
HQC-192,keygen,107,1589248
HQC-192,keygen,108,1622016
HQC-192,keygen,109,1589248
HQC-192,keygen,110,1622016
HQC-192,keygen,111,1622016
HQC-192,keygen,112,1622016
HQC-192,keygen,113,1589248
HQC-192,keygen,114,1622016
HQC-192,keygen,115,1622016
HQC-192,keygen,116,1622016
HQC-192,keygen,117,1622016
HQC-192,keygen,118,1622016
HQC-192,keygen,119,1622016
HQC-192,keygen,120,1622016
HQC-192,keygen,121,1622016
HQC-192,keygen,122,1622016
HQC-192,keygen,123,1589248
HQC-192,keygen,124,1622016
HQC-192,keygen,125,1622016
HQC-192,keygen,126,1622016
HQC-192,keygen,127,1654784
HQC-192,keygen,128,1622016
HQC-192,keygen,129,1622016
HQC-192,keygen,130,1589248
HQC-192,keygen,131,1622016
HQC-192,keygen,132,1622016
HQC-192,keygen,133,1622016
HQC-192,keygen,134,1622016
HQC-192,keygen,135,1622016
HQC-192,keygen,136,1622016
HQC-192,keygen,137,1589248
HQC-192,keygen,138,1589248
HQC-192,keygen,139,1622016
HQC-192,keygen,140,1622016
HQC-192,keygen,141,1589248
HQC-192,keygen,142,1589248
HQC-192,keygen,143,1622016
HQC-192,keygen,144,1622016
HQC-192,keygen,145,1622016
HQC-192,keygen,146,1622016
HQC-192,keygen,147,1622016
HQC-192,keygen,148,1622016
HQC-192,keygen,149,1622016
HQC-192,keygen,150,1622016
HQC-192,keygen,151,1589248
HQC-192,keygen,152,1622016
HQC-192,keygen,153,1622016
HQC-192,keygen,154,1622016
HQC-192,keygen,155,1622016
HQC-192,keygen,156,1622016
HQC-192,keygen,157,1622016
HQC-192,keygen,158,1622016
HQC-192,keygen,159,1622016
HQC-192,keygen,160,1654784
HQC-192,keygen,161,1589248
HQC-192,keygen,162,1622016
HQC-192,keygen,163,1720320
HQC-192,keygen,164,1622016
HQC-192,keygen,165,1622016
HQC-192,keygen,166,1622016
HQC-192,keygen,167,1622016
HQC-192,keygen,168,1622016
HQC-192,keygen,169,1622016
HQC-192,keygen,170,1622016
HQC-192,keygen,171,1622016
HQC-192,keygen,172,1589248
HQC-192,keygen,173,1622016
HQC-192,keygen,174,1589248
HQC-192,keygen,175,1622016
HQC-192,keygen,176,1622016
HQC-192,keygen,177,1654784
HQC-192,keygen,178,1622016
HQC-192,keygen,179,1589248
HQC-192,keygen,180,1622016
HQC-192,keygen,181,1622016
HQC-192,keygen,182,1622016
HQC-192,keygen,183,1622016
HQC-192,keygen,184,1622016
HQC-192,keygen,185,1622016
HQC-192,keygen,186,1622016
HQC-192,keygen,187,1622016
HQC-192,keygen,188,1622016
HQC-192,keygen,189,1622016
HQC-192,keygen,190,1589248
HQC-192,keygen,191,1622016
HQC-192,keygen,192,1622016
HQC-192,keygen,193,1589248
HQC-192,keygen,194,1622016
HQC-192,keygen,195,1589248
HQC-192,keygen,196,1622016
HQC-192,keygen,197,1622016
HQC-192,keygen,198,1589248
HQC-192,keygen,199,1589248
HQC-192,keygen,200,1622016
HQC-192,keygen,201,1622016
HQC-192,keygen,202,1622016
HQC-192,keygen,203,1622016
HQC-192,keygen,204,1622016
HQC-192,keygen,205,1622016
HQC-192,keygen,206,1589248
HQC-192,keygen,207,1622016
HQC-192,keygen,208,1622016
HQC-192,keygen,209,1622016
HQC-192,keygen,210,1622016
HQC-192,keygen,211,1703936
HQC-192,keygen,212,1622016
HQC-192,keygen,213,1622016
HQC-192,keygen,214,1622016
HQC-192,keygen,215,1589248
HQC-192,keygen,216,1622016
HQC-192,keygen,217,1622016
HQC-192,keygen,218,1654784
HQC-192,keygen,219,1622016
HQC-192,keygen,220,1622016
HQC-192,keygen,221,1622016
HQC-192,keygen,222,1622016
HQC-192,keygen,223,1589248
HQC-192,keygen,224,1589248
HQC-192,keygen,225,1622016
HQC-192,keygen,226,1622016
HQC-192,keygen,227,1622016
HQC-192,keygen,228,1622016
HQC-192,keygen,229,1622016
HQC-192,keygen,230,1622016
HQC-192,keygen,231,1622016
HQC-192,keygen,232,1622016
HQC-192,keygen,233,1589248
HQC-192,keygen,234,1622016
HQC-192,keygen,235,1589248
HQC-192,keygen,236,1622016
HQC-192,keygen,237,1589248
HQC-192,keygen,238,1589248
HQC-192,keygen,239,1589248
HQC-192,keygen,240,1622016
HQC-192,keygen,241,1622016
HQC-192,keygen,242,1622016
HQC-192,keygen,243,1622016
HQC-192,keygen,244,1622016
HQC-192,keygen,245,1589248
HQC-192,keygen,246,1622016
HQC-192,keygen,247,1589248
HQC-192,keygen,248,1589248
HQC-192,keygen,249,1622016
HQC-192,keygen,250,1622016
HQC-192,keygen,251,1622016
HQC-192,keygen,252,1622016
HQC-192,keygen,253,1622016
HQC-192,keygen,254,1622016
HQC-192,keygen,255,1622016
HQC-192,keygen,256,1622016
HQC-192,keygen,257,1622016
HQC-192,keygen,258,1589248
HQC-192,keygen,259,1622016
HQC-192,keygen,260,1622016
HQC-192,keygen,261,1622016
HQC-192,keygen,262,1622016
HQC-192,keygen,263,1622016
HQC-192,keygen,264,1622016
HQC-192,keygen,265,1622016
HQC-192,keygen,266,1654784
HQC-192,keygen,267,1622016
HQC-192,keygen,268,1622016
HQC-192,keygen,269,1622016
HQC-192,keygen,270,1589248
HQC-192,keygen,271,1589248
HQC-192,keygen,272,1622016
HQC-192,keygen,273,1654784
HQC-192,keygen,274,1622016
HQC-192,keygen,275,1622016
HQC-192,keygen,276,1622016
HQC-192,keygen,277,1622016
HQC-192,keygen,278,1622016
HQC-192,keygen,279,1622016
HQC-192,keygen,280,1654784
HQC-192,keygen,281,1622016
HQC-192,keygen,282,1622016
HQC-192,keygen,283,1622016
HQC-192,keygen,284,1589248
HQC-192,keygen,285,1589248
HQC-192,keygen,286,1622016
HQC-192,keygen,287,1622016
HQC-192,keygen,288,1622016
HQC-192,keygen,289,1622016
HQC-192,keygen,290,1622016
HQC-192,keygen,291,1622016
HQC-192,keygen,292,1589248
HQC-192,keygen,293,1622016
HQC-192,keygen,294,1622016
HQC-192,keygen,295,1622016
HQC-192,keygen,296,1622016
HQC-192,keygen,297,1589248
HQC-192,keygen,298,1622016
HQC-192,keygen,299,1622016
HQC-192,keygen,300,1589248
HQC-192,keygen,301,1622016
HQC-192,keygen,302,1589248
HQC-192,keygen,303,1589248
HQC-192,keygen,304,1622016
HQC-192,keygen,305,1622016
HQC-192,keygen,306,1622016
HQC-192,keygen,307,1622016
HQC-192,keygen,308,1589248
HQC-192,keygen,309,1622016
HQC-192,keygen,310,1622016
HQC-192,keygen,311,1622016
HQC-192,keygen,312,1622016
HQC-192,keygen,313,1589248
HQC-192,keygen,314,1622016
HQC-192,keygen,315,1622016
HQC-192,keygen,316,1622016
HQC-192,keygen,317,1589248
HQC-192,keygen,318,1589248
HQC-192,keygen,319,1622016
HQC-192,keygen,320,1622016
HQC-192,keygen,321,1589248
HQC-192,keygen,322,1622016
HQC-192,keygen,323,1622016
HQC-192,keygen,324,1622016
HQC-192,keygen,325,1589248
HQC-192,keygen,326,1654784
HQC-192,keygen,327,1622016
HQC-192,keygen,328,1622016
HQC-192,keygen,329,1622016
HQC-192,keygen,330,1622016
HQC-192,keygen,331,1589248
HQC-192,keygen,332,1622016
HQC-192,keygen,333,1589248
HQC-192,keygen,334,1589248
HQC-192,keygen,335,1622016
HQC-192,keygen,336,1589248
HQC-192,keygen,337,1589248
HQC-192,keygen,338,1622016
HQC-192,keygen,339,1622016
HQC-192,keygen,340,1622016
HQC-192,keygen,341,1589248
HQC-192,keygen,342,1622016
HQC-192,keygen,343,1622016
HQC-192,keygen,344,1622016
HQC-192,keygen,345,1589248
HQC-192,keygen,346,1622016
HQC-192,keygen,347,1622016
HQC-192,keygen,348,1622016
HQC-192,keygen,349,1687552
HQC-192,keygen,350,1589248
HQC-192,keygen,351,1622016
HQC-192,keygen,352,1622016
HQC-192,keygen,353,1622016
HQC-192,keygen,354,1622016
HQC-192,keygen,355,1622016
HQC-192,keygen,356,1622016
HQC-192,keygen,357,1622016
HQC-192,keygen,358,1589248
HQC-192,keygen,359,1622016
HQC-192,keygen,360,1622016
HQC-192,keygen,361,1622016
HQC-192,keygen,362,1622016
HQC-192,keygen,363,1687552
HQC-192,keygen,364,1622016
HQC-192,keygen,365,1589248
HQC-192,keygen,366,1622016
HQC-192,keygen,367,1622016
HQC-192,keygen,368,1622016
HQC-192,keygen,369,1622016
HQC-192,keygen,370,1589248
HQC-192,keygen,371,1622016
HQC-192,keygen,372,1622016
HQC-192,keygen,373,1622016
HQC-192,keygen,374,1622016
HQC-192,keygen,375,1622016
HQC-192,keygen,376,1622016
HQC-192,keygen,377,1589248
HQC-192,keygen,378,1622016
HQC-192,keygen,379,1622016
HQC-192,keygen,380,1622016
HQC-192,keygen,381,1622016
HQC-192,keygen,382,1622016
HQC-192,keygen,383,1589248
HQC-192,keygen,384,1622016
HQC-192,keygen,385,1589248
HQC-192,keygen,386,1622016
HQC-192,keygen,387,1622016
HQC-192,keygen,388,1622016
HQC-192,keygen,389,1622016
HQC-192,keygen,390,1687552
HQC-192,keygen,391,1622016
HQC-192,keygen,392,1589248
HQC-192,keygen,393,1622016
HQC-192,keygen,394,1622016
HQC-192,keygen,395,1622016
HQC-192,keygen,396,1589248
HQC-192,keygen,397,1622016
HQC-192,keygen,398,1622016
HQC-192,keygen,399,1622016
HQC-192,keygen,400,1589248
HQC-192,keygen,401,1589248
HQC-192,keygen,402,1622016
HQC-192,keygen,403,1589248
HQC-192,keygen,404,1589248
HQC-192,keygen,405,1622016
HQC-192,keygen,406,1622016
HQC-192,keygen,407,1622016
HQC-192,keygen,408,1589248
HQC-192,keygen,409,1622016
HQC-192,keygen,410,1589248
HQC-192,keygen,411,1589248
HQC-192,keygen,412,1622016
HQC-192,keygen,413,1622016
HQC-192,keygen,414,1622016
HQC-192,keygen,415,1622016
HQC-192,keygen,416,1622016
HQC-192,keygen,417,1622016
HQC-192,keygen,418,1589248
HQC-192,keygen,419,1622016
HQC-192,keygen,420,1622016
HQC-192,keygen,421,1622016
HQC-192,keygen,422,1654784
HQC-192,keygen,423,1622016
HQC-192,keygen,424,1622016
HQC-192,keygen,425,1622016
HQC-192,keygen,426,1622016
HQC-192,keygen,427,1622016
HQC-192,keygen,428,1622016
HQC-192,keygen,429,1622016
HQC-192,keygen,430,1622016
HQC-192,keygen,431,1622016
HQC-192,keygen,432,1622016
HQC-192,keygen,433,1589248
HQC-192,keygen,434,1622016
HQC-192,keygen,435,1622016
HQC-192,keygen,436,1622016
HQC-192,keygen,437,1622016
HQC-192,keygen,438,1622016
HQC-192,keygen,439,1622016
HQC-192,keygen,440,1589248
HQC-192,keygen,441,1589248
HQC-192,keygen,442,1622016
HQC-192,keygen,443,1622016
HQC-192,keygen,444,1622016
HQC-192,keygen,445,1622016
HQC-192,keygen,446,1622016
HQC-192,keygen,447,1622016
HQC-192,keygen,448,1622016
HQC-192,keygen,449,1622016
HQC-192,keygen,450,1687552
HQC-192,keygen,451,1589248
HQC-192,keygen,452,1622016
HQC-192,keygen,453,1589248
HQC-192,keygen,454,1589248
HQC-192,keygen,455,1622016
HQC-192,keygen,456,1622016
HQC-192,keygen,457,1622016
HQC-192,keygen,458,1654784
HQC-192,keygen,459,1622016
HQC-192,keygen,460,1622016
HQC-192,keygen,461,1622016
HQC-192,keygen,462,1622016
HQC-192,keygen,463,1589248
HQC-192,keygen,464,1622016
HQC-192,keygen,465,1622016
HQC-192,keygen,466,1622016
HQC-192,keygen,467,1622016
HQC-192,keygen,468,1589248
HQC-192,keygen,469,1622016
HQC-192,keygen,470,1654784
HQC-192,keygen,471,1589248
HQC-192,keygen,472,1622016
HQC-192,keygen,473,1622016
HQC-192,keygen,474,1622016
HQC-192,keygen,475,1654784
HQC-192,keygen,476,1622016
HQC-192,keygen,477,1622016
HQC-192,keygen,478,1622016
HQC-192,keygen,479,1622016
HQC-192,keygen,480,1622016
HQC-192,keygen,481,1622016
HQC-192,keygen,482,1622016
HQC-192,keygen,483,1622016
HQC-192,keygen,484,1654784
HQC-192,keygen,485,1589248
HQC-192,keygen,486,1622016
HQC-192,keygen,487,1622016
HQC-192,keygen,488,1622016
HQC-192,keygen,489,1622016
HQC-192,keygen,490,1622016
HQC-192,keygen,491,1622016
HQC-192,keygen,492,1622016
HQC-192,keygen,493,1622016
HQC-192,keygen,494,1622016
HQC-192,keygen,495,1622016
HQC-192,keygen,496,1589248
HQC-192,keygen,497,1622016
HQC-192,keygen,498,1622016
HQC-192,keygen,499,1622016
HQC-192,keygen,500,1622016
HQC-192,keygen,501,1622016
HQC-192,keygen,502,1622016
HQC-192,keygen,503,1622016
HQC-192,keygen,504,1622016
HQC-192,keygen,505,1622016
HQC-192,keygen,506,1622016
HQC-192,keygen,507,1622016
HQC-192,keygen,508,1622016
HQC-192,keygen,509,1622016
HQC-192,keygen,510,1622016
HQC-192,keygen,511,1589248
HQC-192,keygen,512,1622016
HQC-192,keygen,513,1622016
HQC-192,keygen,514,1622016
HQC-192,keygen,515,1622016
HQC-192,keygen,516,1622016
HQC-192,keygen,517,1589248
HQC-192,keygen,518,1622016
HQC-192,keygen,519,1622016
HQC-192,keygen,520,1654784
HQC-192,keygen,521,1622016
HQC-192,keygen,522,1622016
HQC-192,keygen,523,1622016
HQC-192,keygen,524,1622016
HQC-192,keygen,525,1622016
HQC-192,keygen,526,1622016
HQC-192,keygen,527,1622016
HQC-192,keygen,528,1589248
HQC-192,keygen,529,1622016
HQC-192,keygen,530,1589248
HQC-192,keygen,531,1589248
HQC-192,keygen,532,1622016
HQC-192,keygen,533,1622016
HQC-192,keygen,534,1622016
HQC-192,keygen,535,1622016
HQC-192,keygen,536,1622016
HQC-192,keygen,537,1622016
HQC-192,keygen,538,1622016
HQC-192,keygen,539,1622016
HQC-192,keygen,540,1622016
HQC-192,keygen,541,1622016
HQC-192,keygen,542,1622016
HQC-192,keygen,543,1622016
HQC-192,keygen,544,1622016
HQC-192,keygen,545,1622016
HQC-192,keygen,546,1622016
HQC-192,keygen,547,1622016
HQC-192,keygen,548,1622016
HQC-192,keygen,549,1622016
HQC-192,keygen,550,1622016
HQC-192,keygen,551,1589248
HQC-192,keygen,552,1589248
HQC-192,keygen,553,1622016
HQC-192,keygen,554,1589248
HQC-192,keygen,555,1622016
HQC-192,keygen,556,1622016
HQC-192,keygen,557,1622016
HQC-192,keygen,558,1622016
HQC-192,keygen,559,1589248
HQC-192,keygen,560,1589248
HQC-192,keygen,561,1622016
HQC-192,keygen,562,1654784
HQC-192,keygen,563,1589248
HQC-192,keygen,564,1622016
HQC-192,keygen,565,1622016
HQC-192,keygen,566,1589248
HQC-192,keygen,567,1622016
HQC-192,keygen,568,1622016
HQC-192,keygen,569,1622016
HQC-192,keygen,570,1589248
HQC-192,keygen,571,1622016
HQC-192,keygen,572,1589248
HQC-192,keygen,573,1622016
HQC-192,keygen,574,1622016
HQC-192,keygen,575,1589248
HQC-192,keygen,576,1589248
HQC-192,keygen,577,1589248
HQC-192,keygen,578,1622016
HQC-192,keygen,579,1622016
HQC-192,keygen,580,1589248
HQC-192,keygen,581,1589248
HQC-192,keygen,582,1589248
HQC-192,keygen,583,1589248
HQC-192,keygen,584,1589248
HQC-192,keygen,585,1622016
HQC-192,keygen,586,1622016
HQC-192,keygen,587,1622016
HQC-192,keygen,588,1622016
HQC-192,keygen,589,1622016
HQC-192,keygen,590,1622016
HQC-192,keygen,591,1622016
HQC-192,keygen,592,1622016
HQC-192,keygen,593,1622016
HQC-192,keygen,594,1622016
HQC-192,keygen,595,1589248
HQC-192,keygen,596,1622016
HQC-192,keygen,597,1622016
HQC-192,keygen,598,1622016
HQC-192,keygen,599,1622016
HQC-192,keygen,600,1622016
HQC-192,keygen,601,1589248
HQC-192,keygen,602,1622016
HQC-192,keygen,603,1589248
HQC-192,keygen,604,1622016
HQC-192,keygen,605,1622016
HQC-192,keygen,606,1654784
HQC-192,keygen,607,1622016
HQC-192,keygen,608,1589248
HQC-192,keygen,609,1622016
HQC-192,keygen,610,1622016
HQC-192,keygen,611,1622016
HQC-192,keygen,612,1622016
HQC-192,keygen,613,1622016
HQC-192,keygen,614,1622016
HQC-192,keygen,615,1589248
HQC-192,keygen,616,1622016
HQC-192,keygen,617,1622016
HQC-192,keygen,618,1622016
HQC-192,keygen,619,1622016
HQC-192,keygen,620,1622016
HQC-192,keygen,621,1622016
HQC-192,keygen,622,1622016
HQC-192,keygen,623,1589248
HQC-192,keygen,624,1589248
HQC-192,keygen,625,1589248
HQC-192,keygen,626,1589248
HQC-192,keygen,627,1654784
HQC-192,keygen,628,1622016
HQC-192,keygen,629,1622016
HQC-192,keygen,630,1589248
HQC-192,keygen,631,1622016
HQC-192,keygen,632,1622016
HQC-192,keygen,633,1622016
HQC-192,keygen,634,1622016
HQC-192,keygen,635,1622016
HQC-192,keygen,636,1622016
HQC-192,keygen,637,1622016
HQC-192,keygen,638,1622016
HQC-192,keygen,639,1654784
HQC-192,keygen,640,1622016
HQC-192,keygen,641,1622016
HQC-192,keygen,642,1622016
HQC-192,keygen,643,1622016
HQC-192,keygen,644,1589248
HQC-192,keygen,645,1622016
HQC-192,keygen,646,1589248
HQC-192,keygen,647,1622016
HQC-192,keygen,648,1622016
HQC-192,keygen,649,1622016
HQC-192,keygen,650,1589248
HQC-192,keygen,651,1589248
HQC-192,keygen,652,1589248
HQC-192,keygen,653,1589248
HQC-192,keygen,654,1622016
HQC-192,keygen,655,1589248
HQC-192,keygen,656,1622016
HQC-192,keygen,657,1589248
HQC-192,keygen,658,1622016
HQC-192,keygen,659,1622016
HQC-192,keygen,660,1589248
HQC-192,keygen,661,1622016
HQC-192,keygen,662,1622016
HQC-192,keygen,663,1589248
HQC-192,keygen,664,1622016
HQC-192,keygen,665,1622016
HQC-192,keygen,666,1622016
HQC-192,keygen,667,1622016
HQC-192,keygen,668,1622016
HQC-192,keygen,669,1622016
HQC-192,keygen,670,1622016
HQC-192,keygen,671,1622016
HQC-192,keygen,672,1622016
HQC-192,keygen,673,1622016
HQC-192,keygen,674,1622016
HQC-192,keygen,675,1622016
HQC-192,keygen,676,1622016
HQC-192,keygen,677,1622016
HQC-192,keygen,678,1622016
HQC-192,keygen,679,1622016
HQC-192,keygen,680,1622016
HQC-192,keygen,681,1622016
HQC-192,keygen,682,1622016
HQC-192,keygen,683,1622016
HQC-192,keygen,684,1622016
HQC-192,keygen,685,1622016
HQC-192,keygen,686,1589248
HQC-192,keygen,687,1622016
HQC-192,keygen,688,1622016
HQC-192,keygen,689,1622016
HQC-192,keygen,690,1622016
HQC-192,keygen,691,1589248
HQC-192,keygen,692,1622016
HQC-192,keygen,693,1589248
HQC-192,keygen,694,1622016
HQC-192,keygen,695,1589248
HQC-192,keygen,696,1622016
HQC-192,keygen,697,1622016
HQC-192,keygen,698,1622016
HQC-192,keygen,699,1622016
HQC-192,keygen,700,1622016
HQC-192,keygen,701,1622016
HQC-192,keygen,702,1589248
HQC-192,keygen,703,1622016
HQC-192,keygen,704,1589248
HQC-192,keygen,705,1622016
HQC-192,keygen,706,1589248
HQC-192,keygen,707,1622016
HQC-192,keygen,708,1622016
HQC-192,keygen,709,1622016
HQC-192,keygen,710,1622016
HQC-192,keygen,711,1622016
HQC-192,keygen,712,1622016
HQC-192,keygen,713,1622016
HQC-192,keygen,714,1622016
HQC-192,keygen,715,1622016
HQC-192,keygen,716,1654784
HQC-192,keygen,717,1622016
HQC-192,keygen,718,1622016
HQC-192,keygen,719,1622016
HQC-192,keygen,720,1622016
HQC-192,keygen,721,1622016
HQC-192,keygen,722,1622016
HQC-192,keygen,723,1622016
HQC-192,keygen,724,1622016
HQC-192,keygen,725,1654784
HQC-192,keygen,726,1622016
HQC-192,keygen,727,1622016
HQC-192,keygen,728,1720320
HQC-192,keygen,729,1589248
HQC-192,keygen,730,1622016
HQC-192,keygen,731,1622016
HQC-192,keygen,732,1622016
HQC-192,keygen,733,1622016
HQC-192,keygen,734,1589248
HQC-192,keygen,735,1687552
HQC-192,keygen,736,1622016
HQC-192,keygen,737,1622016
HQC-192,keygen,738,1622016
HQC-192,keygen,739,1622016
HQC-192,keygen,740,1622016
HQC-192,keygen,741,1622016
HQC-192,keygen,742,1654784
HQC-192,keygen,743,1622016
HQC-192,keygen,744,1622016
HQC-192,keygen,745,1622016
HQC-192,keygen,746,1622016
HQC-192,keygen,747,1589248
HQC-192,keygen,748,1622016
HQC-192,keygen,749,1622016
HQC-192,keygen,750,1622016
HQC-192,keygen,751,1622016
HQC-192,keygen,752,1622016
HQC-192,keygen,753,1589248
HQC-192,keygen,754,1622016
HQC-192,keygen,755,1622016
HQC-192,keygen,756,1622016
HQC-192,keygen,757,1622016
HQC-192,keygen,758,1622016
HQC-192,keygen,759,1589248
HQC-192,keygen,760,1622016
HQC-192,keygen,761,1622016
HQC-192,keygen,762,1589248
HQC-192,keygen,763,1622016
HQC-192,keygen,764,1622016
HQC-192,keygen,765,1622016
HQC-192,keygen,766,1622016
HQC-192,keygen,767,1622016
HQC-192,keygen,768,1622016
HQC-192,keygen,769,1622016
HQC-192,keygen,770,1622016
HQC-192,keygen,771,1622016
HQC-192,keygen,772,1622016
HQC-192,keygen,773,1622016
HQC-192,keygen,774,1622016
HQC-192,keygen,775,1622016
HQC-192,keygen,776,1589248
HQC-192,keygen,777,1622016
HQC-192,keygen,778,1622016
HQC-192,keygen,779,1622016
HQC-192,keygen,780,1622016
HQC-192,keygen,781,1622016
HQC-192,keygen,782,1589248
HQC-192,keygen,783,1589248
HQC-192,keygen,784,1622016
HQC-192,keygen,785,1622016
HQC-192,keygen,786,1622016
HQC-192,keygen,787,1622016
HQC-192,keygen,788,1622016
HQC-192,keygen,789,1622016
HQC-192,keygen,790,1622016
HQC-192,keygen,791,1622016
HQC-192,keygen,792,1622016
HQC-192,keygen,793,1589248
HQC-192,keygen,794,1622016
HQC-192,keygen,795,1687552
HQC-192,keygen,796,1622016
HQC-192,keygen,797,1622016
HQC-192,keygen,798,1622016
HQC-192,keygen,799,1622016
HQC-192,keygen,800,1622016
HQC-192,keygen,801,1622016
HQC-192,keygen,802,1622016
HQC-192,keygen,803,1589248
HQC-192,keygen,804,1589248
HQC-192,keygen,805,1622016
HQC-192,keygen,806,1622016
HQC-192,keygen,807,1622016
HQC-192,keygen,808,1589248
HQC-192,keygen,809,1622016
HQC-192,keygen,810,1622016
HQC-192,keygen,811,1589248
HQC-192,keygen,812,1622016
HQC-192,keygen,813,1622016
HQC-192,keygen,814,1589248
HQC-192,keygen,815,1622016
HQC-192,keygen,816,1622016
HQC-192,keygen,817,1589248
HQC-192,keygen,818,1622016
HQC-192,keygen,819,1622016
HQC-192,keygen,820,1622016
HQC-192,keygen,821,1622016
HQC-192,keygen,822,1622016
HQC-192,keygen,823,1622016
HQC-192,keygen,824,1622016
HQC-192,keygen,825,1589248
HQC-192,keygen,826,1589248
HQC-192,keygen,827,1622016
HQC-192,keygen,828,1622016
HQC-192,keygen,829,1622016
HQC-192,keygen,830,1589248
HQC-192,keygen,831,1622016
HQC-192,keygen,832,1622016
HQC-192,keygen,833,1589248
HQC-192,keygen,834,1622016
HQC-192,keygen,835,1622016
HQC-192,keygen,836,1589248
HQC-192,keygen,837,1622016
HQC-192,keygen,838,1622016
HQC-192,keygen,839,1622016
HQC-192,keygen,840,1622016
HQC-192,keygen,841,1622016
HQC-192,keygen,842,1589248
HQC-192,keygen,843,1622016
HQC-192,keygen,844,1622016
HQC-192,keygen,845,1622016
HQC-192,keygen,846,1622016
HQC-192,keygen,847,1687552
HQC-192,keygen,848,1589248
HQC-192,keygen,849,1622016
HQC-192,keygen,850,1622016
HQC-192,keygen,851,1622016
HQC-192,keygen,852,1622016
HQC-192,keygen,853,1622016
HQC-192,keygen,854,1622016
HQC-192,keygen,855,1622016
HQC-192,keygen,856,1622016
HQC-192,keygen,857,1589248
HQC-192,keygen,858,1622016
HQC-192,keygen,859,1589248
HQC-192,keygen,860,1622016
HQC-192,keygen,861,1622016
HQC-192,keygen,862,1622016
HQC-192,keygen,863,1622016
HQC-192,keygen,864,1622016
HQC-192,keygen,865,1589248
HQC-192,keygen,866,1589248
HQC-192,keygen,867,1622016
HQC-192,keygen,868,1622016
HQC-192,keygen,869,1622016
HQC-192,keygen,870,1654784
HQC-192,keygen,871,1622016
HQC-192,keygen,872,1589248
HQC-192,keygen,873,1589248
HQC-192,keygen,874,1622016
HQC-192,keygen,875,1654784
HQC-192,keygen,876,1622016
HQC-192,keygen,877,1622016
HQC-192,keygen,878,1589248
HQC-192,keygen,879,1622016
HQC-192,keygen,880,1622016
HQC-192,keygen,881,1622016
HQC-192,keygen,882,1622016
HQC-192,keygen,883,1622016
HQC-192,keygen,884,1622016
HQC-192,keygen,885,1687552
HQC-192,keygen,886,1622016
HQC-192,keygen,887,1622016
HQC-192,keygen,888,1622016
HQC-192,keygen,889,1622016
HQC-192,keygen,890,1622016
HQC-192,keygen,891,1589248
HQC-192,keygen,892,1622016
HQC-192,keygen,893,1589248
HQC-192,keygen,894,1622016
HQC-192,keygen,895,1589248
HQC-192,keygen,896,1589248
HQC-192,keygen,897,1622016
HQC-192,keygen,898,1622016
HQC-192,keygen,899,1622016
HQC-192,keygen,900,1622016
HQC-192,keygen,901,1622016
HQC-192,keygen,902,1589248
HQC-192,keygen,903,1622016
HQC-192,keygen,904,1622016
HQC-192,keygen,905,1622016
HQC-192,keygen,906,1622016
HQC-192,keygen,907,1622016
HQC-192,keygen,908,1622016
HQC-192,keygen,909,1622016
HQC-192,keygen,910,1622016
HQC-192,keygen,911,1589248
HQC-192,keygen,912,1622016
HQC-192,keygen,913,1622016
HQC-192,keygen,914,1654784
HQC-192,keygen,915,1622016
HQC-192,keygen,916,1622016
HQC-192,keygen,917,1589248
HQC-192,keygen,918,1622016
HQC-192,keygen,919,1622016
HQC-192,keygen,920,1589248
HQC-192,keygen,921,1622016
HQC-192,keygen,922,1622016
HQC-192,keygen,923,1622016
HQC-192,keygen,924,1589248
HQC-192,keygen,925,1589248
HQC-192,keygen,926,1622016
HQC-192,keygen,927,1622016
HQC-192,keygen,928,1589248
HQC-192,keygen,929,1622016
HQC-192,keygen,930,1622016
HQC-192,keygen,931,1622016
HQC-192,keygen,932,1622016
HQC-192,keygen,933,1622016
HQC-192,keygen,934,1622016
HQC-192,keygen,935,1622016
HQC-192,keygen,936,1622016
HQC-192,keygen,937,1622016
HQC-192,keygen,938,1622016
HQC-192,keygen,939,1622016
HQC-192,keygen,940,1622016
HQC-192,keygen,941,1622016
HQC-192,keygen,942,1622016
HQC-192,keygen,943,1622016
HQC-192,keygen,944,1622016
HQC-192,keygen,945,1622016
HQC-192,keygen,946,1622016
HQC-192,keygen,947,1589248
HQC-192,keygen,948,1622016
HQC-192,keygen,949,1622016
HQC-192,keygen,950,1622016
HQC-192,keygen,951,1589248
HQC-192,keygen,952,1622016
HQC-192,keygen,953,1622016
HQC-192,keygen,954,1622016
HQC-192,keygen,955,1687552
HQC-192,keygen,956,1622016
HQC-192,keygen,957,1622016
HQC-192,keygen,958,1622016
HQC-192,keygen,959,1589248
HQC-192,keygen,960,1622016
HQC-192,keygen,961,1622016
HQC-192,keygen,962,1589248
HQC-192,keygen,963,1622016
HQC-192,keygen,964,1622016
HQC-192,keygen,965,1589248
HQC-192,keygen,966,1589248
HQC-192,keygen,967,1622016
HQC-192,keygen,968,1622016
HQC-192,keygen,969,1622016
HQC-192,keygen,970,1622016
HQC-192,keygen,971,1589248
HQC-192,keygen,972,1622016
HQC-192,keygen,973,1622016
HQC-192,keygen,974,1622016
HQC-192,keygen,975,1622016
HQC-192,keygen,976,1622016
HQC-192,keygen,977,1589248
HQC-192,keygen,978,1622016
HQC-192,keygen,979,1622016
HQC-192,keygen,980,1622016
HQC-192,keygen,981,1622016
HQC-192,keygen,982,1622016
HQC-192,keygen,983,1622016
HQC-192,keygen,984,1622016
HQC-192,keygen,985,1589248
HQC-192,keygen,986,1622016
HQC-192,keygen,987,1622016
HQC-192,keygen,988,1589248
HQC-192,keygen,989,1622016
HQC-192,keygen,990,1622016
HQC-192,keygen,991,1622016
HQC-192,keygen,992,1622016
HQC-192,keygen,993,1589248
HQC-192,keygen,994,1589248
HQC-192,keygen,995,1622016
HQC-192,keygen,996,1654784
HQC-192,keygen,997,1589248
HQC-192,keygen,998,1589248
HQC-192,keygen,999,1589248
HQC-192,keygen,1000,1622016
HQC-192,encaps,1,1720320
HQC-192,encaps,2,1720320
HQC-192,encaps,3,1720320
HQC-192,encaps,4,1720320
HQC-192,encaps,5,1720320
HQC-192,encaps,6,1720320
HQC-192,encaps,7,1720320
HQC-192,encaps,8,1720320
HQC-192,encaps,9,1720320
HQC-192,encaps,10,1753088
HQC-192,encaps,11,1720320
HQC-192,encaps,12,1720320
HQC-192,encaps,13,1720320
HQC-192,encaps,14,1654784
HQC-192,encaps,15,1720320
HQC-192,encaps,16,1720320
HQC-192,encaps,17,1654784
HQC-192,encaps,18,1720320
HQC-192,encaps,19,1654784
HQC-192,encaps,20,1720320
HQC-192,encaps,21,1720320
HQC-192,encaps,22,1720320
HQC-192,encaps,23,1654784
HQC-192,encaps,24,1720320
HQC-192,encaps,25,1720320
HQC-192,encaps,26,1720320
HQC-192,encaps,27,1720320
HQC-192,encaps,28,1720320
HQC-192,encaps,29,1654784
HQC-192,encaps,30,1720320
HQC-192,encaps,31,1654784
HQC-192,encaps,32,1720320
HQC-192,encaps,33,1720320
HQC-192,encaps,34,1720320
HQC-192,encaps,35,1720320
HQC-192,encaps,36,1720320
HQC-192,encaps,37,1720320
HQC-192,encaps,38,1720320
HQC-192,encaps,39,1720320
HQC-192,encaps,40,1720320
HQC-192,encaps,41,1720320
HQC-192,encaps,42,1654784
HQC-192,encaps,43,1654784
HQC-192,encaps,44,1654784
HQC-192,encaps,45,1654784
HQC-192,encaps,46,1720320
HQC-192,encaps,47,1720320
HQC-192,encaps,48,1720320
HQC-192,encaps,49,1654784
HQC-192,encaps,50,1654784
HQC-192,encaps,51,1654784
HQC-192,encaps,52,1720320
HQC-192,encaps,53,1720320
HQC-192,encaps,54,1654784
HQC-192,encaps,55,1654784
HQC-192,encaps,56,1654784
HQC-192,encaps,57,1720320
HQC-192,encaps,58,1720320
HQC-192,encaps,59,1720320
HQC-192,encaps,60,1654784
HQC-192,encaps,61,1720320
HQC-192,encaps,62,1720320
HQC-192,encaps,63,1720320
HQC-192,encaps,64,1720320
HQC-192,encaps,65,1720320
HQC-192,encaps,66,1720320
HQC-192,encaps,67,1720320
HQC-192,encaps,68,1720320
HQC-192,encaps,69,1720320
HQC-192,encaps,70,1720320
HQC-192,encaps,71,1720320
HQC-192,encaps,72,1720320
HQC-192,encaps,73,1720320
HQC-192,encaps,74,1720320
HQC-192,encaps,75,1654784
HQC-192,encaps,76,1720320
HQC-192,encaps,77,1720320
HQC-192,encaps,78,1720320
HQC-192,encaps,79,1720320
HQC-192,encaps,80,1654784
HQC-192,encaps,81,1720320
HQC-192,encaps,82,1720320
HQC-192,encaps,83,1720320
HQC-192,encaps,84,1720320
HQC-192,encaps,85,1654784
HQC-192,encaps,86,1654784
HQC-192,encaps,87,1720320
HQC-192,encaps,88,1720320
HQC-192,encaps,89,1720320
HQC-192,encaps,90,1720320
HQC-192,encaps,91,1654784
HQC-192,encaps,92,1720320
HQC-192,encaps,93,1654784
HQC-192,encaps,94,1720320
HQC-192,encaps,95,1720320
HQC-192,encaps,96,1720320
HQC-192,encaps,97,1720320
HQC-192,encaps,98,1720320
HQC-192,encaps,99,1720320
HQC-192,encaps,100,1720320
HQC-192,encaps,101,1654784
HQC-192,encaps,102,1720320
HQC-192,encaps,103,1720320
HQC-192,encaps,104,1654784
HQC-192,encaps,105,1654784
HQC-192,encaps,106,1720320
HQC-192,encaps,107,1736704
HQC-192,encaps,108,1654784
HQC-192,encaps,109,1720320
HQC-192,encaps,110,1654784
HQC-192,encaps,111,1654784
HQC-192,encaps,112,1720320
HQC-192,encaps,113,1654784
HQC-192,encaps,114,1720320
HQC-192,encaps,115,1720320
HQC-192,encaps,116,1720320
HQC-192,encaps,117,1720320
HQC-192,encaps,118,1720320
HQC-192,encaps,119,1720320
HQC-192,encaps,120,1720320
HQC-192,encaps,121,1720320
HQC-192,encaps,122,1720320
HQC-192,encaps,123,1720320
HQC-192,encaps,124,1720320
HQC-192,encaps,125,1654784
HQC-192,encaps,126,1720320
HQC-192,encaps,127,1720320
HQC-192,encaps,128,1654784
HQC-192,encaps,129,1720320
HQC-192,encaps,130,1654784
HQC-192,encaps,131,1720320
HQC-192,encaps,132,1720320
HQC-192,encaps,133,1720320
HQC-192,encaps,134,1720320
HQC-192,encaps,135,1654784
HQC-192,encaps,136,1720320
HQC-192,encaps,137,1720320
HQC-192,encaps,138,1720320
HQC-192,encaps,139,1654784
HQC-192,encaps,140,1654784
HQC-192,encaps,141,1720320
HQC-192,encaps,142,1720320
HQC-192,encaps,143,1720320
HQC-192,encaps,144,1720320
HQC-192,encaps,145,1720320
HQC-192,encaps,146,1720320
HQC-192,encaps,147,1654784
HQC-192,encaps,148,1720320
HQC-192,encaps,149,1720320
HQC-192,encaps,150,1720320
HQC-192,encaps,151,1720320
HQC-192,encaps,152,1720320
HQC-192,encaps,153,1720320
HQC-192,encaps,154,1720320
HQC-192,encaps,155,1654784
HQC-192,encaps,156,1720320
HQC-192,encaps,157,1720320
HQC-192,encaps,158,1720320
HQC-192,encaps,159,1720320
HQC-192,encaps,160,1654784
HQC-192,encaps,161,1654784
HQC-192,encaps,162,1720320
HQC-192,encaps,163,1720320
HQC-192,encaps,164,1720320
HQC-192,encaps,165,1720320
HQC-192,encaps,166,1654784
HQC-192,encaps,167,1720320
HQC-192,encaps,168,1720320
HQC-192,encaps,169,1654784
HQC-192,encaps,170,1720320
HQC-192,encaps,171,1720320
HQC-192,encaps,172,1654784
HQC-192,encaps,173,1654784
HQC-192,encaps,174,1654784
HQC-192,encaps,175,1720320
HQC-192,encaps,176,1720320
HQC-192,encaps,177,1720320
HQC-192,encaps,178,1654784
HQC-192,encaps,179,1720320
HQC-192,encaps,180,1720320
HQC-192,encaps,181,1720320
HQC-192,encaps,182,1720320
HQC-192,encaps,183,1720320
HQC-192,encaps,184,1654784
HQC-192,encaps,185,1720320
HQC-192,encaps,186,1720320
HQC-192,encaps,187,1720320
HQC-192,encaps,188,1720320
HQC-192,encaps,189,1720320
HQC-192,encaps,190,1720320
HQC-192,encaps,191,1720320
HQC-192,encaps,192,1720320
HQC-192,encaps,193,1720320
HQC-192,encaps,194,1720320
HQC-192,encaps,195,1720320
HQC-192,encaps,196,1720320
HQC-192,encaps,197,1720320
HQC-192,encaps,198,1654784
HQC-192,encaps,199,1654784
HQC-192,encaps,200,1720320
HQC-192,encaps,201,1720320
HQC-192,encaps,202,1720320
HQC-192,encaps,203,1654784
HQC-192,encaps,204,1654784
HQC-192,encaps,205,1654784
HQC-192,encaps,206,1720320
HQC-192,encaps,207,1720320
HQC-192,encaps,208,1720320
HQC-192,encaps,209,1654784
HQC-192,encaps,210,1720320
HQC-192,encaps,211,1720320
HQC-192,encaps,212,1720320
HQC-192,encaps,213,1654784
HQC-192,encaps,214,1720320
HQC-192,encaps,215,1654784
HQC-192,encaps,216,1720320
HQC-192,encaps,217,1720320
HQC-192,encaps,218,1654784
HQC-192,encaps,219,1720320
HQC-192,encaps,220,1654784
HQC-192,encaps,221,1720320
HQC-192,encaps,222,1720320
HQC-192,encaps,223,1720320
HQC-192,encaps,224,1720320
HQC-192,encaps,225,1654784
HQC-192,encaps,226,1654784
HQC-192,encaps,227,1720320
HQC-192,encaps,228,1720320
HQC-192,encaps,229,1720320
HQC-192,encaps,230,1720320
HQC-192,encaps,231,1720320
HQC-192,encaps,232,1720320
HQC-192,encaps,233,1654784
HQC-192,encaps,234,1654784
HQC-192,encaps,235,1720320
HQC-192,encaps,236,1654784
HQC-192,encaps,237,1720320
HQC-192,encaps,238,1720320
HQC-192,encaps,239,1720320
HQC-192,encaps,240,1720320
HQC-192,encaps,241,1720320
HQC-192,encaps,242,1720320
HQC-192,encaps,243,1654784
HQC-192,encaps,244,1654784
HQC-192,encaps,245,1720320
HQC-192,encaps,246,1720320
HQC-192,encaps,247,1720320
HQC-192,encaps,248,1720320
HQC-192,encaps,249,1654784
HQC-192,encaps,250,1720320
HQC-192,encaps,251,1720320
HQC-192,encaps,252,1720320
HQC-192,encaps,253,1654784
HQC-192,encaps,254,1654784
HQC-192,encaps,255,1720320
HQC-192,encaps,256,1720320
HQC-192,encaps,257,1720320
HQC-192,encaps,258,1720320
HQC-192,encaps,259,1654784
HQC-192,encaps,260,1720320
HQC-192,encaps,261,1654784
HQC-192,encaps,262,1720320
HQC-192,encaps,263,1720320
HQC-192,encaps,264,1654784
HQC-192,encaps,265,1720320
HQC-192,encaps,266,1720320
HQC-192,encaps,267,1720320
HQC-192,encaps,268,1720320
HQC-192,encaps,269,1654784
HQC-192,encaps,270,1720320
HQC-192,encaps,271,1720320
HQC-192,encaps,272,1720320
HQC-192,encaps,273,1720320
HQC-192,encaps,274,1720320
HQC-192,encaps,275,1720320
HQC-192,encaps,276,1720320
HQC-192,encaps,277,1654784
HQC-192,encaps,278,1720320
HQC-192,encaps,279,1654784
HQC-192,encaps,280,1720320
HQC-192,encaps,281,1720320
HQC-192,encaps,282,1720320
HQC-192,encaps,283,1720320
HQC-192,encaps,284,1720320
HQC-192,encaps,285,1720320
HQC-192,encaps,286,1654784
HQC-192,encaps,287,1654784
HQC-192,encaps,288,1720320
HQC-192,encaps,289,1654784
HQC-192,encaps,290,1654784
HQC-192,encaps,291,1720320
HQC-192,encaps,292,1654784
HQC-192,encaps,293,1720320
HQC-192,encaps,294,1720320
HQC-192,encaps,295,1720320
HQC-192,encaps,296,1720320
HQC-192,encaps,297,1654784
HQC-192,encaps,298,1654784
HQC-192,encaps,299,1720320
HQC-192,encaps,300,1720320
HQC-192,encaps,301,1720320
HQC-192,encaps,302,1720320
HQC-192,encaps,303,1654784
HQC-192,encaps,304,1720320
HQC-192,encaps,305,1654784
HQC-192,encaps,306,1753088
HQC-192,encaps,307,1720320
HQC-192,encaps,308,1720320
HQC-192,encaps,309,1654784
HQC-192,encaps,310,1753088
HQC-192,encaps,311,1654784
HQC-192,encaps,312,1720320
HQC-192,encaps,313,1654784
HQC-192,encaps,314,1687552
HQC-192,encaps,315,1720320
HQC-192,encaps,316,1720320
HQC-192,encaps,317,1654784
HQC-192,encaps,318,1753088
HQC-192,encaps,319,1720320
HQC-192,encaps,320,1720320
HQC-192,encaps,321,1720320
HQC-192,encaps,322,1720320
HQC-192,encaps,323,1720320
HQC-192,encaps,324,1720320
HQC-192,encaps,325,1720320
HQC-192,encaps,326,1654784
HQC-192,encaps,327,1720320
HQC-192,encaps,328,1720320
HQC-192,encaps,329,1720320
HQC-192,encaps,330,1654784
HQC-192,encaps,331,1720320
HQC-192,encaps,332,1720320
HQC-192,encaps,333,1720320
HQC-192,encaps,334,1720320
HQC-192,encaps,335,1720320
HQC-192,encaps,336,1654784
HQC-192,encaps,337,1654784
HQC-192,encaps,338,1720320
HQC-192,encaps,339,1720320
HQC-192,encaps,340,1720320
HQC-192,encaps,341,1720320
HQC-192,encaps,342,1720320
HQC-192,encaps,343,1654784
HQC-192,encaps,344,1720320
HQC-192,encaps,345,1720320
HQC-192,encaps,346,1720320
HQC-192,encaps,347,1720320
HQC-192,encaps,348,1720320
HQC-192,encaps,349,1720320
HQC-192,encaps,350,1720320
HQC-192,encaps,351,1720320
HQC-192,encaps,352,1654784
HQC-192,encaps,353,1654784
HQC-192,encaps,354,1720320
HQC-192,encaps,355,1720320
HQC-192,encaps,356,1720320
HQC-192,encaps,357,1720320
HQC-192,encaps,358,1654784
HQC-192,encaps,359,1720320
HQC-192,encaps,360,1654784
HQC-192,encaps,361,1720320
HQC-192,encaps,362,1720320
HQC-192,encaps,363,1720320
HQC-192,encaps,364,1720320
HQC-192,encaps,365,1720320
HQC-192,encaps,366,1654784
HQC-192,encaps,367,1654784
HQC-192,encaps,368,1654784
HQC-192,encaps,369,1654784
HQC-192,encaps,370,1654784
HQC-192,encaps,371,1720320
HQC-192,encaps,372,1720320
HQC-192,encaps,373,1720320
HQC-192,encaps,374,1720320
HQC-192,encaps,375,1687552
HQC-192,encaps,376,1720320
HQC-192,encaps,377,1720320
HQC-192,encaps,378,1654784
HQC-192,encaps,379,1687552
HQC-192,encaps,380,1720320
HQC-192,encaps,381,1720320
HQC-192,encaps,382,1654784
HQC-192,encaps,383,1720320
HQC-192,encaps,384,1720320
HQC-192,encaps,385,1720320
HQC-192,encaps,386,1720320
HQC-192,encaps,387,1720320
HQC-192,encaps,388,1720320
HQC-192,encaps,389,1654784
HQC-192,encaps,390,1720320
HQC-192,encaps,391,1654784
HQC-192,encaps,392,1720320
HQC-192,encaps,393,1720320
HQC-192,encaps,394,1720320
HQC-192,encaps,395,1720320
HQC-192,encaps,396,1720320
HQC-192,encaps,397,1720320
HQC-192,encaps,398,1654784
HQC-192,encaps,399,1654784
HQC-192,encaps,400,1720320
HQC-192,encaps,401,1720320
HQC-192,encaps,402,1720320
HQC-192,encaps,403,1654784
HQC-192,encaps,404,1654784
HQC-192,encaps,405,1720320
HQC-192,encaps,406,1720320
HQC-192,encaps,407,1654784
HQC-192,encaps,408,1720320
HQC-192,encaps,409,1720320
HQC-192,encaps,410,1720320
HQC-192,encaps,411,1720320
HQC-192,encaps,412,1720320
HQC-192,encaps,413,1654784
HQC-192,encaps,414,1720320
HQC-192,encaps,415,1720320
HQC-192,encaps,416,1720320
HQC-192,encaps,417,1720320
HQC-192,encaps,418,1720320
HQC-192,encaps,419,1720320
HQC-192,encaps,420,1720320
HQC-192,encaps,421,1720320
HQC-192,encaps,422,1720320
HQC-192,encaps,423,1654784
HQC-192,encaps,424,1720320
HQC-192,encaps,425,1720320
HQC-192,encaps,426,1720320
HQC-192,encaps,427,1720320
HQC-192,encaps,428,1720320
HQC-192,encaps,429,1654784
HQC-192,encaps,430,1720320
HQC-192,encaps,431,1720320
HQC-192,encaps,432,1654784
HQC-192,encaps,433,1720320
HQC-192,encaps,434,1720320
HQC-192,encaps,435,1654784
HQC-192,encaps,436,1720320
HQC-192,encaps,437,1720320
HQC-192,encaps,438,1720320
HQC-192,encaps,439,1720320
HQC-192,encaps,440,1654784
HQC-192,encaps,441,1720320
HQC-192,encaps,442,1654784
HQC-192,encaps,443,1720320
HQC-192,encaps,444,1654784
HQC-192,encaps,445,1720320
HQC-192,encaps,446,1720320
HQC-192,encaps,447,1654784
HQC-192,encaps,448,1720320
HQC-192,encaps,449,1654784
HQC-192,encaps,450,1654784
HQC-192,encaps,451,1720320
HQC-192,encaps,452,1720320
HQC-192,encaps,453,1654784
HQC-192,encaps,454,1720320
HQC-192,encaps,455,1654784
HQC-192,encaps,456,1720320
HQC-192,encaps,457,1720320
HQC-192,encaps,458,1720320
HQC-192,encaps,459,1720320
HQC-192,encaps,460,1720320
HQC-192,encaps,461,1720320
HQC-192,encaps,462,1720320
HQC-192,encaps,463,1720320
HQC-192,encaps,464,1720320
HQC-192,encaps,465,1720320
HQC-192,encaps,466,1720320
HQC-192,encaps,467,1720320
HQC-192,encaps,468,1720320
HQC-192,encaps,469,1720320
HQC-192,encaps,470,1753088
HQC-192,encaps,471,1654784
HQC-192,encaps,472,1720320
HQC-192,encaps,473,1720320
HQC-192,encaps,474,1654784
HQC-192,encaps,475,1720320
HQC-192,encaps,476,1720320
HQC-192,encaps,477,1654784
HQC-192,encaps,478,1720320
HQC-192,encaps,479,1720320
HQC-192,encaps,480,1654784
HQC-192,encaps,481,1720320
HQC-192,encaps,482,1720320
HQC-192,encaps,483,1654784
HQC-192,encaps,484,1654784
HQC-192,encaps,485,1720320
HQC-192,encaps,486,1720320
HQC-192,encaps,487,1654784
HQC-192,encaps,488,1654784
HQC-192,encaps,489,1654784
HQC-192,encaps,490,1703936
HQC-192,encaps,491,1720320
HQC-192,encaps,492,1785856
HQC-192,encaps,493,1720320
HQC-192,encaps,494,1654784
HQC-192,encaps,495,1720320
HQC-192,encaps,496,1720320
HQC-192,encaps,497,1720320
HQC-192,encaps,498,1720320
HQC-192,encaps,499,1720320
HQC-192,encaps,500,1720320
HQC-192,encaps,501,1720320
HQC-192,encaps,502,1720320
HQC-192,encaps,503,1654784
HQC-192,encaps,504,1654784
HQC-192,encaps,505,1654784
HQC-192,encaps,506,1654784
HQC-192,encaps,507,1720320
HQC-192,encaps,508,1720320
HQC-192,encaps,509,1720320
HQC-192,encaps,510,1720320
HQC-192,encaps,511,1720320
HQC-192,encaps,512,1654784
HQC-192,encaps,513,1654784
HQC-192,encaps,514,1720320
HQC-192,encaps,515,1720320
HQC-192,encaps,516,1720320
HQC-192,encaps,517,1720320
HQC-192,encaps,518,1654784
HQC-192,encaps,519,1720320
HQC-192,encaps,520,1654784
HQC-192,encaps,521,1687552
HQC-192,encaps,522,1720320
HQC-192,encaps,523,1654784
HQC-192,encaps,524,1720320
HQC-192,encaps,525,1720320
HQC-192,encaps,526,1720320
HQC-192,encaps,527,1720320
HQC-192,encaps,528,1654784
HQC-192,encaps,529,1720320
HQC-192,encaps,530,1720320
HQC-192,encaps,531,1720320
HQC-192,encaps,532,1720320
HQC-192,encaps,533,1720320
HQC-192,encaps,534,1720320
HQC-192,encaps,535,1720320
HQC-192,encaps,536,1753088
HQC-192,encaps,537,1720320
HQC-192,encaps,538,1720320
HQC-192,encaps,539,1720320
HQC-192,encaps,540,1720320
HQC-192,encaps,541,1720320
HQC-192,encaps,542,1720320
HQC-192,encaps,543,1720320
HQC-192,encaps,544,1720320
HQC-192,encaps,545,1720320
HQC-192,encaps,546,1720320
HQC-192,encaps,547,1654784
HQC-192,encaps,548,1720320
HQC-192,encaps,549,1720320
HQC-192,encaps,550,1654784
HQC-192,encaps,551,1720320
HQC-192,encaps,552,1720320
HQC-192,encaps,553,1720320
HQC-192,encaps,554,1720320
HQC-192,encaps,555,1720320
HQC-192,encaps,556,1720320
HQC-192,encaps,557,1687552
HQC-192,encaps,558,1654784
HQC-192,encaps,559,1720320
HQC-192,encaps,560,1654784
HQC-192,encaps,561,1720320
HQC-192,encaps,562,1720320
HQC-192,encaps,563,1720320
HQC-192,encaps,564,1720320
HQC-192,encaps,565,1720320
HQC-192,encaps,566,1720320
HQC-192,encaps,567,1720320
HQC-192,encaps,568,1720320
HQC-192,encaps,569,1720320
HQC-192,encaps,570,1720320
HQC-192,encaps,571,1720320
HQC-192,encaps,572,1720320
HQC-192,encaps,573,1720320
HQC-192,encaps,574,1720320
HQC-192,encaps,575,1720320
HQC-192,encaps,576,1720320
HQC-192,encaps,577,1720320
HQC-192,encaps,578,1720320
HQC-192,encaps,579,1654784
HQC-192,encaps,580,1720320
HQC-192,encaps,581,1720320
HQC-192,encaps,582,1720320
HQC-192,encaps,583,1654784
HQC-192,encaps,584,1720320
HQC-192,encaps,585,1720320
HQC-192,encaps,586,1720320
HQC-192,encaps,587,1720320
HQC-192,encaps,588,1720320
HQC-192,encaps,589,1654784
HQC-192,encaps,590,1753088
HQC-192,encaps,591,1720320
HQC-192,encaps,592,1654784
HQC-192,encaps,593,1720320
HQC-192,encaps,594,1654784
HQC-192,encaps,595,1654784
HQC-192,encaps,596,1654784
HQC-192,encaps,597,1720320
HQC-192,encaps,598,1720320
HQC-192,encaps,599,1720320
HQC-192,encaps,600,1654784
HQC-192,encaps,601,1720320
HQC-192,encaps,602,1720320
HQC-192,encaps,603,1720320
HQC-192,encaps,604,1654784
HQC-192,encaps,605,1654784
HQC-192,encaps,606,1654784
HQC-192,encaps,607,1720320
HQC-192,encaps,608,1720320
HQC-192,encaps,609,1720320
HQC-192,encaps,610,1654784
HQC-192,encaps,611,1720320
HQC-192,encaps,612,1720320
HQC-192,encaps,613,1720320
HQC-192,encaps,614,1720320
HQC-192,encaps,615,1720320
HQC-192,encaps,616,1720320
HQC-192,encaps,617,1720320
HQC-192,encaps,618,1720320
HQC-192,encaps,619,1720320
HQC-192,encaps,620,1720320
HQC-192,encaps,621,1720320
HQC-192,encaps,622,1654784
HQC-192,encaps,623,1720320
HQC-192,encaps,624,1720320
HQC-192,encaps,625,1720320
HQC-192,encaps,626,1720320
HQC-192,encaps,627,1720320
HQC-192,encaps,628,1720320
HQC-192,encaps,629,1720320
HQC-192,encaps,630,1720320
HQC-192,encaps,631,1720320
HQC-192,encaps,632,1720320
HQC-192,encaps,633,1654784
HQC-192,encaps,634,1654784
HQC-192,encaps,635,1720320
HQC-192,encaps,636,1720320
HQC-192,encaps,637,1720320
HQC-192,encaps,638,1654784
HQC-192,encaps,639,1654784
HQC-192,encaps,640,1654784
HQC-192,encaps,641,1720320
HQC-192,encaps,642,1720320
HQC-192,encaps,643,1654784
HQC-192,encaps,644,1720320
HQC-192,encaps,645,1720320
HQC-192,encaps,646,1720320
HQC-192,encaps,647,1720320
HQC-192,encaps,648,1720320
HQC-192,encaps,649,1720320
HQC-192,encaps,650,1720320
HQC-192,encaps,651,1654784
HQC-192,encaps,652,1720320
HQC-192,encaps,653,1720320
HQC-192,encaps,654,1720320
HQC-192,encaps,655,1720320
HQC-192,encaps,656,1720320
HQC-192,encaps,657,1720320
HQC-192,encaps,658,1720320
HQC-192,encaps,659,1720320
HQC-192,encaps,660,1720320
HQC-192,encaps,661,1720320
HQC-192,encaps,662,1720320
HQC-192,encaps,663,1720320
HQC-192,encaps,664,1654784
HQC-192,encaps,665,1720320
HQC-192,encaps,666,1720320
HQC-192,encaps,667,1720320
HQC-192,encaps,668,1720320
HQC-192,encaps,669,1720320
HQC-192,encaps,670,1720320
HQC-192,encaps,671,1654784
HQC-192,encaps,672,1720320
HQC-192,encaps,673,1720320
HQC-192,encaps,674,1720320
HQC-192,encaps,675,1720320
HQC-192,encaps,676,1654784
HQC-192,encaps,677,1654784
HQC-192,encaps,678,1654784
HQC-192,encaps,679,1720320
HQC-192,encaps,680,1720320
HQC-192,encaps,681,1654784
HQC-192,encaps,682,1720320
HQC-192,encaps,683,1654784
HQC-192,encaps,684,1654784
HQC-192,encaps,685,1720320
HQC-192,encaps,686,1720320
HQC-192,encaps,687,1720320
HQC-192,encaps,688,1720320
HQC-192,encaps,689,1720320
HQC-192,encaps,690,1654784
HQC-192,encaps,691,1720320
HQC-192,encaps,692,1720320
HQC-192,encaps,693,1720320
HQC-192,encaps,694,1720320
HQC-192,encaps,695,1720320
HQC-192,encaps,696,1720320
HQC-192,encaps,697,1720320
HQC-192,encaps,698,1720320
HQC-192,encaps,699,1720320
HQC-192,encaps,700,1720320
HQC-192,encaps,701,1720320
HQC-192,encaps,702,1654784
HQC-192,encaps,703,1720320
HQC-192,encaps,704,1720320
HQC-192,encaps,705,1720320
HQC-192,encaps,706,1720320
HQC-192,encaps,707,1720320
HQC-192,encaps,708,1720320
HQC-192,encaps,709,1654784
HQC-192,encaps,710,1720320
HQC-192,encaps,711,1720320
HQC-192,encaps,712,1654784
HQC-192,encaps,713,1720320
HQC-192,encaps,714,1720320
HQC-192,encaps,715,1654784
HQC-192,encaps,716,1720320
HQC-192,encaps,717,1654784
HQC-192,encaps,718,1720320
HQC-192,encaps,719,1654784
HQC-192,encaps,720,1720320
HQC-192,encaps,721,1720320
HQC-192,encaps,722,1785856
HQC-192,encaps,723,1720320
HQC-192,encaps,724,1720320
HQC-192,encaps,725,1720320
HQC-192,encaps,726,1753088
HQC-192,encaps,727,1720320
HQC-192,encaps,728,1785856
HQC-192,encaps,729,1720320
HQC-192,encaps,730,1687552
HQC-192,encaps,731,1720320
HQC-192,encaps,732,1720320
HQC-192,encaps,733,1720320
HQC-192,encaps,734,1654784
HQC-192,encaps,735,1720320
HQC-192,encaps,736,1720320
HQC-192,encaps,737,1720320
HQC-192,encaps,738,1720320
HQC-192,encaps,739,1720320
HQC-192,encaps,740,1720320
HQC-192,encaps,741,1720320
HQC-192,encaps,742,1720320
HQC-192,encaps,743,1720320
HQC-192,encaps,744,1720320
HQC-192,encaps,745,1720320
HQC-192,encaps,746,1654784
HQC-192,encaps,747,1654784
HQC-192,encaps,748,1720320
HQC-192,encaps,749,1654784
HQC-192,encaps,750,1720320
HQC-192,encaps,751,1720320
HQC-192,encaps,752,1720320
HQC-192,encaps,753,1720320
HQC-192,encaps,754,1720320
HQC-192,encaps,755,1720320
HQC-192,encaps,756,1720320
HQC-192,encaps,757,1687552
HQC-192,encaps,758,1720320
HQC-192,encaps,759,1654784
HQC-192,encaps,760,1720320
HQC-192,encaps,761,1720320
HQC-192,encaps,762,1720320
HQC-192,encaps,763,1720320
HQC-192,encaps,764,1720320
HQC-192,encaps,765,1720320
HQC-192,encaps,766,1720320
HQC-192,encaps,767,1720320
HQC-192,encaps,768,1654784
HQC-192,encaps,769,1720320
HQC-192,encaps,770,1720320
HQC-192,encaps,771,1720320
HQC-192,encaps,772,1654784
HQC-192,encaps,773,1654784
HQC-192,encaps,774,1720320
HQC-192,encaps,775,1720320
HQC-192,encaps,776,1720320
HQC-192,encaps,777,1720320
HQC-192,encaps,778,1654784
HQC-192,encaps,779,1720320
HQC-192,encaps,780,1654784
HQC-192,encaps,781,1720320
HQC-192,encaps,782,1654784
HQC-192,encaps,783,1720320
HQC-192,encaps,784,1720320
HQC-192,encaps,785,1720320
HQC-192,encaps,786,1720320
HQC-192,encaps,787,1720320
HQC-192,encaps,788,1753088
HQC-192,encaps,789,1720320
HQC-192,encaps,790,1720320
HQC-192,encaps,791,1720320
HQC-192,encaps,792,1687552
HQC-192,encaps,793,1720320
HQC-192,encaps,794,1720320
HQC-192,encaps,795,1720320
HQC-192,encaps,796,1687552
HQC-192,encaps,797,1720320
HQC-192,encaps,798,1720320
HQC-192,encaps,799,1720320
HQC-192,encaps,800,1720320
HQC-192,encaps,801,1720320
HQC-192,encaps,802,1654784
HQC-192,encaps,803,1654784
HQC-192,encaps,804,1720320
HQC-192,encaps,805,1654784
HQC-192,encaps,806,1720320
HQC-192,encaps,807,1654784
HQC-192,encaps,808,1720320
HQC-192,encaps,809,1720320
HQC-192,encaps,810,1654784
HQC-192,encaps,811,1654784
HQC-192,encaps,812,1720320
HQC-192,encaps,813,1654784
HQC-192,encaps,814,1654784
HQC-192,encaps,815,1654784
HQC-192,encaps,816,1720320
HQC-192,encaps,817,1720320
HQC-192,encaps,818,1720320
HQC-192,encaps,819,1654784
HQC-192,encaps,820,1720320
HQC-192,encaps,821,1654784
HQC-192,encaps,822,1654784
HQC-192,encaps,823,1720320
HQC-192,encaps,824,1720320
HQC-192,encaps,825,1720320
HQC-192,encaps,826,1654784
HQC-192,encaps,827,1720320
HQC-192,encaps,828,1720320
HQC-192,encaps,829,1654784
HQC-192,encaps,830,1654784
HQC-192,encaps,831,1720320
HQC-192,encaps,832,1720320
HQC-192,encaps,833,1720320
HQC-192,encaps,834,1720320
HQC-192,encaps,835,1654784
HQC-192,encaps,836,1720320
HQC-192,encaps,837,1720320
HQC-192,encaps,838,1720320
HQC-192,encaps,839,1720320
HQC-192,encaps,840,1720320
HQC-192,encaps,841,1720320
HQC-192,encaps,842,1720320
HQC-192,encaps,843,1720320
HQC-192,encaps,844,1720320
HQC-192,encaps,845,1720320
HQC-192,encaps,846,1720320
HQC-192,encaps,847,1654784
HQC-192,encaps,848,1654784
HQC-192,encaps,849,1720320
HQC-192,encaps,850,1720320
HQC-192,encaps,851,1720320
HQC-192,encaps,852,1654784
HQC-192,encaps,853,1720320
HQC-192,encaps,854,1720320
HQC-192,encaps,855,1720320
HQC-192,encaps,856,1720320
HQC-192,encaps,857,1654784
HQC-192,encaps,858,1654784
HQC-192,encaps,859,1720320
HQC-192,encaps,860,1720320
HQC-192,encaps,861,1720320
HQC-192,encaps,862,1720320
HQC-192,encaps,863,1720320
HQC-192,encaps,864,1654784
HQC-192,encaps,865,1720320
HQC-192,encaps,866,1720320
HQC-192,encaps,867,1720320
HQC-192,encaps,868,1720320
HQC-192,encaps,869,1654784
HQC-192,encaps,870,1720320
HQC-192,encaps,871,1720320
HQC-192,encaps,872,1654784
HQC-192,encaps,873,1720320
HQC-192,encaps,874,1654784
HQC-192,encaps,875,1654784
HQC-192,encaps,876,1654784
HQC-192,encaps,877,1720320
HQC-192,encaps,878,1654784
HQC-192,encaps,879,1720320
HQC-192,encaps,880,1720320
HQC-192,encaps,881,1687552
HQC-192,encaps,882,1654784
HQC-192,encaps,883,1720320
HQC-192,encaps,884,1720320
HQC-192,encaps,885,1654784
HQC-192,encaps,886,1720320
HQC-192,encaps,887,1720320
HQC-192,encaps,888,1654784
HQC-192,encaps,889,1720320
HQC-192,encaps,890,1720320
HQC-192,encaps,891,1720320
HQC-192,encaps,892,1720320
HQC-192,encaps,893,1720320
HQC-192,encaps,894,1720320
HQC-192,encaps,895,1720320
HQC-192,encaps,896,1654784
HQC-192,encaps,897,1720320
HQC-192,encaps,898,1720320
HQC-192,encaps,899,1720320
HQC-192,encaps,900,1720320
HQC-192,encaps,901,1720320
HQC-192,encaps,902,1654784
HQC-192,encaps,903,1720320
HQC-192,encaps,904,1720320
HQC-192,encaps,905,1654784
HQC-192,encaps,906,1720320
HQC-192,encaps,907,1720320
HQC-192,encaps,908,1654784
HQC-192,encaps,909,1720320
HQC-192,encaps,910,1720320
HQC-192,encaps,911,1654784
HQC-192,encaps,912,1720320
HQC-192,encaps,913,1654784
HQC-192,encaps,914,1720320
HQC-192,encaps,915,1654784
HQC-192,encaps,916,1720320
HQC-192,encaps,917,1720320
HQC-192,encaps,918,1654784
HQC-192,encaps,919,1720320
HQC-192,encaps,920,1720320
HQC-192,encaps,921,1720320
HQC-192,encaps,922,1720320
HQC-192,encaps,923,1720320
HQC-192,encaps,924,1720320
HQC-192,encaps,925,1654784
HQC-192,encaps,926,1720320
HQC-192,encaps,927,1720320
HQC-192,encaps,928,1654784
HQC-192,encaps,929,1654784
HQC-192,encaps,930,1720320
HQC-192,encaps,931,1654784
HQC-192,encaps,932,1720320
HQC-192,encaps,933,1720320
HQC-192,encaps,934,1654784
HQC-192,encaps,935,1720320
HQC-192,encaps,936,1654784
HQC-192,encaps,937,1720320
HQC-192,encaps,938,1720320
HQC-192,encaps,939,1720320
HQC-192,encaps,940,1720320
HQC-192,encaps,941,1720320
HQC-192,encaps,942,1720320
HQC-192,encaps,943,1720320
HQC-192,encaps,944,1720320
HQC-192,encaps,945,1720320
HQC-192,encaps,946,1720320
HQC-192,encaps,947,1720320
HQC-192,encaps,948,1720320
HQC-192,encaps,949,1720320
HQC-192,encaps,950,1753088
HQC-192,encaps,951,1720320
HQC-192,encaps,952,1720320
HQC-192,encaps,953,1720320
HQC-192,encaps,954,1654784
HQC-192,encaps,955,1654784
HQC-192,encaps,956,1720320
HQC-192,encaps,957,1720320
HQC-192,encaps,958,1720320
HQC-192,encaps,959,1720320
HQC-192,encaps,960,1654784
HQC-192,encaps,961,1720320
HQC-192,encaps,962,1654784
HQC-192,encaps,963,1720320
HQC-192,encaps,964,1720320
HQC-192,encaps,965,1720320
HQC-192,encaps,966,1720320
HQC-192,encaps,967,1720320
HQC-192,encaps,968,1654784
HQC-192,encaps,969,1720320
HQC-192,encaps,970,1654784
HQC-192,encaps,971,1720320
HQC-192,encaps,972,1654784
HQC-192,encaps,973,1720320
HQC-192,encaps,974,1720320
HQC-192,encaps,975,1654784
HQC-192,encaps,976,1654784
HQC-192,encaps,977,1720320
HQC-192,encaps,978,1720320
HQC-192,encaps,979,1720320
HQC-192,encaps,980,1654784
HQC-192,encaps,981,1720320
HQC-192,encaps,982,1720320
HQC-192,encaps,983,1720320
HQC-192,encaps,984,1720320
HQC-192,encaps,985,1720320
HQC-192,encaps,986,1654784
HQC-192,encaps,987,1720320
HQC-192,encaps,988,1720320
HQC-192,encaps,989,1720320
HQC-192,encaps,990,1720320
HQC-192,encaps,991,1720320
HQC-192,encaps,992,1720320
HQC-192,encaps,993,1720320
HQC-192,encaps,994,1720320
HQC-192,encaps,995,1720320
HQC-192,encaps,996,1720320
HQC-192,encaps,997,1654784
HQC-192,encaps,998,1654784
HQC-192,encaps,999,1720320
HQC-192,encaps,1000,1720320
HQC-192,decaps,1,1671168
HQC-192,decaps,2,1736704
HQC-192,decaps,3,1703936
HQC-192,decaps,4,1703936
HQC-192,decaps,5,1736704
HQC-192,decaps,6,1703936
HQC-192,decaps,7,1736704
HQC-192,decaps,8,1736704
HQC-192,decaps,9,1736704
HQC-192,decaps,10,1736704
HQC-192,decaps,11,1703936
HQC-192,decaps,12,1736704
HQC-192,decaps,13,1736704
HQC-192,decaps,14,1671168
HQC-192,decaps,15,1703936
HQC-192,decaps,16,1703936
HQC-192,decaps,17,1703936
HQC-192,decaps,18,1703936
HQC-192,decaps,19,1736704
HQC-192,decaps,20,1703936
HQC-192,decaps,21,1736704
HQC-192,decaps,22,1703936
HQC-192,decaps,23,1671168
HQC-192,decaps,24,1736704
HQC-192,decaps,25,1736704
HQC-192,decaps,26,1703936
HQC-192,decaps,27,1703936
HQC-192,decaps,28,1736704
HQC-192,decaps,29,1703936
HQC-192,decaps,30,1736704
HQC-192,decaps,31,1703936
HQC-192,decaps,32,1736704
HQC-192,decaps,33,1703936
HQC-192,decaps,34,1703936
HQC-192,decaps,35,1736704
HQC-192,decaps,36,1703936
HQC-192,decaps,37,1703936
HQC-192,decaps,38,1736704
HQC-192,decaps,39,1703936
HQC-192,decaps,40,1671168
HQC-192,decaps,41,1671168
HQC-192,decaps,42,1703936
HQC-192,decaps,43,1671168
HQC-192,decaps,44,1736704
HQC-192,decaps,45,1703936
HQC-192,decaps,46,1736704
HQC-192,decaps,47,1802240
HQC-192,decaps,48,1671168
HQC-192,decaps,49,1671168
HQC-192,decaps,50,1703936
HQC-192,decaps,51,1736704
HQC-192,decaps,52,1736704
HQC-192,decaps,53,1736704
HQC-192,decaps,54,1736704
HQC-192,decaps,55,1736704
HQC-192,decaps,56,1736704
HQC-192,decaps,57,1703936
HQC-192,decaps,58,1703936
HQC-192,decaps,59,1703936
HQC-192,decaps,60,1703936
HQC-192,decaps,61,1703936
HQC-192,decaps,62,1703936
HQC-192,decaps,63,1703936
HQC-192,decaps,64,1703936
HQC-192,decaps,65,1703936
HQC-192,decaps,66,1703936
HQC-192,decaps,67,1703936
HQC-192,decaps,68,1736704
HQC-192,decaps,69,1703936
HQC-192,decaps,70,1703936
HQC-192,decaps,71,1671168
HQC-192,decaps,72,1736704
HQC-192,decaps,73,1703936
HQC-192,decaps,74,1736704
HQC-192,decaps,75,1736704
HQC-192,decaps,76,1736704
HQC-192,decaps,77,1671168
HQC-192,decaps,78,1736704
HQC-192,decaps,79,1671168
HQC-192,decaps,80,1703936
HQC-192,decaps,81,1736704
HQC-192,decaps,82,1736704
HQC-192,decaps,83,1703936
HQC-192,decaps,84,1736704
HQC-192,decaps,85,1703936
HQC-192,decaps,86,1703936
HQC-192,decaps,87,1736704
HQC-192,decaps,88,1703936
HQC-192,decaps,89,1736704
HQC-192,decaps,90,1736704
HQC-192,decaps,91,1703936
HQC-192,decaps,92,1753088
HQC-192,decaps,93,1703936
HQC-192,decaps,94,1736704
HQC-192,decaps,95,1703936
HQC-192,decaps,96,1703936
HQC-192,decaps,97,1736704
HQC-192,decaps,98,1703936
HQC-192,decaps,99,1736704
HQC-192,decaps,100,1703936
HQC-192,decaps,101,1703936
HQC-192,decaps,102,1736704
HQC-192,decaps,103,1703936
HQC-192,decaps,104,1703936
HQC-192,decaps,105,1736704
HQC-192,decaps,106,1736704
HQC-192,decaps,107,1703936
HQC-192,decaps,108,1736704
HQC-192,decaps,109,1703936
HQC-192,decaps,110,1703936
HQC-192,decaps,111,1703936
HQC-192,decaps,112,1703936
HQC-192,decaps,113,1703936
HQC-192,decaps,114,1703936
HQC-192,decaps,115,1703936
HQC-192,decaps,116,1703936
HQC-192,decaps,117,1671168
HQC-192,decaps,118,1703936
HQC-192,decaps,119,1703936
HQC-192,decaps,120,1703936
HQC-192,decaps,121,1769472
HQC-192,decaps,122,1703936
HQC-192,decaps,123,1703936
HQC-192,decaps,124,1703936
HQC-192,decaps,125,1703936
HQC-192,decaps,126,1703936
HQC-192,decaps,127,1736704
HQC-192,decaps,128,1703936
HQC-192,decaps,129,1736704
HQC-192,decaps,130,1703936
HQC-192,decaps,131,1703936
HQC-192,decaps,132,1736704
HQC-192,decaps,133,1703936
HQC-192,decaps,134,1703936
HQC-192,decaps,135,1703936
HQC-192,decaps,136,1703936
HQC-192,decaps,137,1736704
HQC-192,decaps,138,1703936
HQC-192,decaps,139,1703936
HQC-192,decaps,140,1753088
HQC-192,decaps,141,1703936
HQC-192,decaps,142,1703936
HQC-192,decaps,143,1703936
HQC-192,decaps,144,1703936
HQC-192,decaps,145,1703936
HQC-192,decaps,146,1703936
HQC-192,decaps,147,1736704
HQC-192,decaps,148,1703936
HQC-192,decaps,149,1736704
HQC-192,decaps,150,1736704
HQC-192,decaps,151,1703936
HQC-192,decaps,152,1736704
HQC-192,decaps,153,1703936
HQC-192,decaps,154,1736704
HQC-192,decaps,155,1703936
HQC-192,decaps,156,1736704
HQC-192,decaps,157,1703936
HQC-192,decaps,158,1736704
HQC-192,decaps,159,1703936
HQC-192,decaps,160,1703936
HQC-192,decaps,161,1671168
HQC-192,decaps,162,1703936
HQC-192,decaps,163,1736704
HQC-192,decaps,164,1736704
HQC-192,decaps,165,1736704
HQC-192,decaps,166,1703936
HQC-192,decaps,167,1671168
HQC-192,decaps,168,1703936
HQC-192,decaps,169,1703936
HQC-192,decaps,170,1703936
HQC-192,decaps,171,1703936
HQC-192,decaps,172,1703936
HQC-192,decaps,173,1703936
HQC-192,decaps,174,1703936
HQC-192,decaps,175,1736704
HQC-192,decaps,176,1736704
HQC-192,decaps,177,1671168
HQC-192,decaps,178,1703936
HQC-192,decaps,179,1769472
HQC-192,decaps,180,1671168
HQC-192,decaps,181,1671168
HQC-192,decaps,182,1736704
HQC-192,decaps,183,1736704
HQC-192,decaps,184,1736704
HQC-192,decaps,185,1736704
HQC-192,decaps,186,1703936
HQC-192,decaps,187,1736704
HQC-192,decaps,188,1703936
HQC-192,decaps,189,1736704
HQC-192,decaps,190,1703936
HQC-192,decaps,191,1703936
HQC-192,decaps,192,1736704
HQC-192,decaps,193,1703936
HQC-192,decaps,194,1703936
HQC-192,decaps,195,1703936
HQC-192,decaps,196,1703936
HQC-192,decaps,197,1703936
HQC-192,decaps,198,1703936
HQC-192,decaps,199,1671168
HQC-192,decaps,200,1736704
HQC-192,decaps,201,1703936
HQC-192,decaps,202,1703936
HQC-192,decaps,203,1703936
HQC-192,decaps,204,1736704
HQC-192,decaps,205,1703936
HQC-192,decaps,206,1703936
HQC-192,decaps,207,1736704
HQC-192,decaps,208,1671168
HQC-192,decaps,209,1736704
HQC-192,decaps,210,1703936
HQC-192,decaps,211,1703936
HQC-192,decaps,212,1703936
HQC-192,decaps,213,1703936
HQC-192,decaps,214,1703936
HQC-192,decaps,215,1703936
HQC-192,decaps,216,1736704
HQC-192,decaps,217,1703936
HQC-192,decaps,218,1736704
HQC-192,decaps,219,1671168
HQC-192,decaps,220,1736704
HQC-192,decaps,221,1736704
HQC-192,decaps,222,1703936
HQC-192,decaps,223,1736704
HQC-192,decaps,224,1736704
HQC-192,decaps,225,1703936
HQC-192,decaps,226,1703936
HQC-192,decaps,227,1671168
HQC-192,decaps,228,1736704
HQC-192,decaps,229,1703936
HQC-192,decaps,230,1703936
HQC-192,decaps,231,1703936
HQC-192,decaps,232,1703936
HQC-192,decaps,233,1736704
HQC-192,decaps,234,1703936
HQC-192,decaps,235,1736704
HQC-192,decaps,236,1703936
HQC-192,decaps,237,1703936
HQC-192,decaps,238,1736704
HQC-192,decaps,239,1703936
HQC-192,decaps,240,1703936
HQC-192,decaps,241,1736704
HQC-192,decaps,242,1703936
HQC-192,decaps,243,1703936
HQC-192,decaps,244,1703936
HQC-192,decaps,245,1671168
HQC-192,decaps,246,1736704
HQC-192,decaps,247,1703936
HQC-192,decaps,248,1703936
HQC-192,decaps,249,1703936
HQC-192,decaps,250,1736704
HQC-192,decaps,251,1703936
HQC-192,decaps,252,1703936
HQC-192,decaps,253,1736704
HQC-192,decaps,254,1703936
HQC-192,decaps,255,1703936
HQC-192,decaps,256,1703936
HQC-192,decaps,257,1703936
HQC-192,decaps,258,1703936
HQC-192,decaps,259,1703936
HQC-192,decaps,260,1703936
HQC-192,decaps,261,1736704
HQC-192,decaps,262,1703936
HQC-192,decaps,263,1703936
HQC-192,decaps,264,1703936
HQC-192,decaps,265,1736704
HQC-192,decaps,266,1736704
HQC-192,decaps,267,1769472
HQC-192,decaps,268,1736704
HQC-192,decaps,269,1703936
HQC-192,decaps,270,1703936
HQC-192,decaps,271,1671168
HQC-192,decaps,272,1703936
HQC-192,decaps,273,1736704
HQC-192,decaps,274,1703936
HQC-192,decaps,275,1703936
HQC-192,decaps,276,1703936
HQC-192,decaps,277,1736704
HQC-192,decaps,278,1736704
HQC-192,decaps,279,1703936
HQC-192,decaps,280,1736704
HQC-192,decaps,281,1671168
HQC-192,decaps,282,1736704
HQC-192,decaps,283,1703936
HQC-192,decaps,284,1703936
HQC-192,decaps,285,1703936
HQC-192,decaps,286,1703936
HQC-192,decaps,287,1736704
HQC-192,decaps,288,1671168
HQC-192,decaps,289,1671168
HQC-192,decaps,290,1703936
HQC-192,decaps,291,1703936
HQC-192,decaps,292,1703936
HQC-192,decaps,293,1736704
HQC-192,decaps,294,1671168
HQC-192,decaps,295,1736704
HQC-192,decaps,296,1703936
HQC-192,decaps,297,1736704
HQC-192,decaps,298,1671168
HQC-192,decaps,299,1736704
HQC-192,decaps,300,1736704
HQC-192,decaps,301,1703936
HQC-192,decaps,302,1736704
HQC-192,decaps,303,1671168
HQC-192,decaps,304,1736704
HQC-192,decaps,305,1671168
HQC-192,decaps,306,1703936
HQC-192,decaps,307,1736704
HQC-192,decaps,308,1703936
HQC-192,decaps,309,1703936
HQC-192,decaps,310,1703936
HQC-192,decaps,311,1736704
HQC-192,decaps,312,1736704
HQC-192,decaps,313,1736704
HQC-192,decaps,314,1703936
HQC-192,decaps,315,1671168
HQC-192,decaps,316,1736704
HQC-192,decaps,317,1736704
HQC-192,decaps,318,1703936
HQC-192,decaps,319,1703936
HQC-192,decaps,320,1703936
HQC-192,decaps,321,1736704
HQC-192,decaps,322,1671168
HQC-192,decaps,323,1703936
HQC-192,decaps,324,1736704
HQC-192,decaps,325,1703936
HQC-192,decaps,326,1703936
HQC-192,decaps,327,1736704
HQC-192,decaps,328,1736704
HQC-192,decaps,329,1736704
HQC-192,decaps,330,1736704
HQC-192,decaps,331,1703936
HQC-192,decaps,332,1703936
HQC-192,decaps,333,1671168
HQC-192,decaps,334,1736704
HQC-192,decaps,335,1736704
HQC-192,decaps,336,1769472
HQC-192,decaps,337,1736704
HQC-192,decaps,338,1703936
HQC-192,decaps,339,1671168
HQC-192,decaps,340,1703936
HQC-192,decaps,341,1703936
HQC-192,decaps,342,1736704
HQC-192,decaps,343,1703936
HQC-192,decaps,344,1703936
HQC-192,decaps,345,1703936
HQC-192,decaps,346,1703936
HQC-192,decaps,347,1736704
HQC-192,decaps,348,1736704
HQC-192,decaps,349,1703936
HQC-192,decaps,350,1703936
HQC-192,decaps,351,1736704
HQC-192,decaps,352,1703936
HQC-192,decaps,353,1736704
HQC-192,decaps,354,1736704
HQC-192,decaps,355,1736704
HQC-192,decaps,356,1703936
HQC-192,decaps,357,1703936
HQC-192,decaps,358,1703936
HQC-192,decaps,359,1736704
HQC-192,decaps,360,1736704
HQC-192,decaps,361,1703936
HQC-192,decaps,362,1736704
HQC-192,decaps,363,1703936
HQC-192,decaps,364,1736704
HQC-192,decaps,365,1736704
HQC-192,decaps,366,1671168
HQC-192,decaps,367,1736704
HQC-192,decaps,368,1736704
HQC-192,decaps,369,1703936
HQC-192,decaps,370,1703936
HQC-192,decaps,371,1703936
HQC-192,decaps,372,1736704
HQC-192,decaps,373,1736704
HQC-192,decaps,374,1736704
HQC-192,decaps,375,1736704
HQC-192,decaps,376,1736704
HQC-192,decaps,377,1769472
HQC-192,decaps,378,1703936
HQC-192,decaps,379,1736704
HQC-192,decaps,380,1736704
HQC-192,decaps,381,1703936
HQC-192,decaps,382,1703936
HQC-192,decaps,383,1736704
HQC-192,decaps,384,1703936
HQC-192,decaps,385,1736704
HQC-192,decaps,386,1703936
HQC-192,decaps,387,1703936
HQC-192,decaps,388,1703936
HQC-192,decaps,389,1736704
HQC-192,decaps,390,1671168
HQC-192,decaps,391,1703936
HQC-192,decaps,392,1703936
HQC-192,decaps,393,1671168
HQC-192,decaps,394,1703936
HQC-192,decaps,395,1736704
HQC-192,decaps,396,1703936
HQC-192,decaps,397,1703936
HQC-192,decaps,398,1703936
HQC-192,decaps,399,1703936
HQC-192,decaps,400,1736704
HQC-192,decaps,401,1703936
HQC-192,decaps,402,1703936
HQC-192,decaps,403,1703936
HQC-192,decaps,404,1671168
HQC-192,decaps,405,1703936
HQC-192,decaps,406,1703936
HQC-192,decaps,407,1703936
HQC-192,decaps,408,1671168
HQC-192,decaps,409,1703936
HQC-192,decaps,410,1703936
HQC-192,decaps,411,1703936
HQC-192,decaps,412,1703936
HQC-192,decaps,413,1703936
HQC-192,decaps,414,1703936
HQC-192,decaps,415,1703936
HQC-192,decaps,416,1671168
HQC-192,decaps,417,1703936
HQC-192,decaps,418,1703936
HQC-192,decaps,419,1703936
HQC-192,decaps,420,1703936
HQC-192,decaps,421,1703936
HQC-192,decaps,422,1703936
HQC-192,decaps,423,1703936
HQC-192,decaps,424,1736704
HQC-192,decaps,425,1703936
HQC-192,decaps,426,1736704
HQC-192,decaps,427,1703936
HQC-192,decaps,428,1736704
HQC-192,decaps,429,1736704
HQC-192,decaps,430,1736704
HQC-192,decaps,431,1703936
HQC-192,decaps,432,1736704
HQC-192,decaps,433,1736704
HQC-192,decaps,434,1671168
HQC-192,decaps,435,1703936
HQC-192,decaps,436,1703936
HQC-192,decaps,437,1703936
HQC-192,decaps,438,1703936
HQC-192,decaps,439,1703936
HQC-192,decaps,440,1736704
HQC-192,decaps,441,1736704
HQC-192,decaps,442,1703936
HQC-192,decaps,443,1703936
HQC-192,decaps,444,1703936
HQC-192,decaps,445,1703936
HQC-192,decaps,446,1736704
HQC-192,decaps,447,1703936
HQC-192,decaps,448,1703936
HQC-192,decaps,449,1736704
HQC-192,decaps,450,1703936
HQC-192,decaps,451,1736704
HQC-192,decaps,452,1703936
HQC-192,decaps,453,1736704
HQC-192,decaps,454,1703936
HQC-192,decaps,455,1703936
HQC-192,decaps,456,1671168
HQC-192,decaps,457,1671168
HQC-192,decaps,458,1736704
HQC-192,decaps,459,1703936
HQC-192,decaps,460,1703936
HQC-192,decaps,461,1703936
HQC-192,decaps,462,1703936
HQC-192,decaps,463,1703936
HQC-192,decaps,464,1703936
HQC-192,decaps,465,1736704
HQC-192,decaps,466,1703936
HQC-192,decaps,467,1703936
HQC-192,decaps,468,1703936
HQC-192,decaps,469,1703936
HQC-192,decaps,470,1736704
HQC-192,decaps,471,1703936
HQC-192,decaps,472,1703936
HQC-192,decaps,473,1703936
HQC-192,decaps,474,1703936
HQC-192,decaps,475,1703936
HQC-192,decaps,476,1703936
HQC-192,decaps,477,1703936
HQC-192,decaps,478,1703936
HQC-192,decaps,479,1703936
HQC-192,decaps,480,1671168
HQC-192,decaps,481,1736704
HQC-192,decaps,482,1703936
HQC-192,decaps,483,1736704
HQC-192,decaps,484,1736704
HQC-192,decaps,485,1736704
HQC-192,decaps,486,1736704
HQC-192,decaps,487,1736704
HQC-192,decaps,488,1703936
HQC-192,decaps,489,1703936
HQC-192,decaps,490,1703936
HQC-192,decaps,491,1736704
HQC-192,decaps,492,1703936
HQC-192,decaps,493,1703936
HQC-192,decaps,494,1703936
HQC-192,decaps,495,1703936
HQC-192,decaps,496,1703936
HQC-192,decaps,497,1703936
HQC-192,decaps,498,1671168
HQC-192,decaps,499,1785856
HQC-192,decaps,500,1736704
HQC-192,decaps,501,1703936
HQC-192,decaps,502,1671168
HQC-192,decaps,503,1736704
HQC-192,decaps,504,1703936
HQC-192,decaps,505,1736704
HQC-192,decaps,506,1736704
HQC-192,decaps,507,1736704
HQC-192,decaps,508,1703936
HQC-192,decaps,509,1703936
HQC-192,decaps,510,1703936
HQC-192,decaps,511,1703936
HQC-192,decaps,512,1703936
HQC-192,decaps,513,1736704
HQC-192,decaps,514,1736704
HQC-192,decaps,515,1703936
HQC-192,decaps,516,1703936
HQC-192,decaps,517,1703936
HQC-192,decaps,518,1769472
HQC-192,decaps,519,1736704
HQC-192,decaps,520,1703936
HQC-192,decaps,521,1671168
HQC-192,decaps,522,1703936
HQC-192,decaps,523,1703936
HQC-192,decaps,524,1703936
HQC-192,decaps,525,1736704
HQC-192,decaps,526,1671168
HQC-192,decaps,527,1703936
HQC-192,decaps,528,1736704
HQC-192,decaps,529,1736704
HQC-192,decaps,530,1736704
HQC-192,decaps,531,1703936
HQC-192,decaps,532,1671168
HQC-192,decaps,533,1703936
HQC-192,decaps,534,1736704
HQC-192,decaps,535,1703936
HQC-192,decaps,536,1671168
HQC-192,decaps,537,1736704
HQC-192,decaps,538,1703936
HQC-192,decaps,539,1703936
HQC-192,decaps,540,1736704
HQC-192,decaps,541,1703936
HQC-192,decaps,542,1703936
HQC-192,decaps,543,1671168
HQC-192,decaps,544,1703936
HQC-192,decaps,545,1703936
HQC-192,decaps,546,1703936
HQC-192,decaps,547,1736704
HQC-192,decaps,548,1703936
HQC-192,decaps,549,1703936
HQC-192,decaps,550,1703936
HQC-192,decaps,551,1703936
HQC-192,decaps,552,1703936
HQC-192,decaps,553,1736704
HQC-192,decaps,554,1736704
HQC-192,decaps,555,1671168
HQC-192,decaps,556,1703936
HQC-192,decaps,557,1703936
HQC-192,decaps,558,1703936
HQC-192,decaps,559,1703936
HQC-192,decaps,560,1671168
HQC-192,decaps,561,1703936
HQC-192,decaps,562,1703936
HQC-192,decaps,563,1703936
HQC-192,decaps,564,1703936
HQC-192,decaps,565,1703936
HQC-192,decaps,566,1736704
HQC-192,decaps,567,1736704
HQC-192,decaps,568,1703936
HQC-192,decaps,569,1736704
HQC-192,decaps,570,1703936
HQC-192,decaps,571,1703936
HQC-192,decaps,572,1703936
HQC-192,decaps,573,1703936
HQC-192,decaps,574,1703936
HQC-192,decaps,575,1703936
HQC-192,decaps,576,1736704
HQC-192,decaps,577,1736704
HQC-192,decaps,578,1736704
HQC-192,decaps,579,1703936
HQC-192,decaps,580,1703936
HQC-192,decaps,581,1736704
HQC-192,decaps,582,1703936
HQC-192,decaps,583,1703936
HQC-192,decaps,584,1736704
HQC-192,decaps,585,1703936
HQC-192,decaps,586,1736704
HQC-192,decaps,587,1703936
HQC-192,decaps,588,1703936
HQC-192,decaps,589,1671168
HQC-192,decaps,590,1703936
HQC-192,decaps,591,1703936
HQC-192,decaps,592,1736704
HQC-192,decaps,593,1703936
HQC-192,decaps,594,1736704
HQC-192,decaps,595,1671168
HQC-192,decaps,596,1736704
HQC-192,decaps,597,1703936
HQC-192,decaps,598,1703936
HQC-192,decaps,599,1703936
HQC-192,decaps,600,1736704
HQC-192,decaps,601,1703936
HQC-192,decaps,602,1703936
HQC-192,decaps,603,1703936
HQC-192,decaps,604,1703936
HQC-192,decaps,605,1703936
HQC-192,decaps,606,1736704
HQC-192,decaps,607,1736704
HQC-192,decaps,608,1736704
HQC-192,decaps,609,1703936
HQC-192,decaps,610,1703936
HQC-192,decaps,611,1703936
HQC-192,decaps,612,1703936
HQC-192,decaps,613,1736704
HQC-192,decaps,614,1703936
HQC-192,decaps,615,1703936
HQC-192,decaps,616,1703936
HQC-192,decaps,617,1703936
HQC-192,decaps,618,1703936
HQC-192,decaps,619,1703936
HQC-192,decaps,620,1736704
HQC-192,decaps,621,1736704
HQC-192,decaps,622,1703936
HQC-192,decaps,623,1703936
HQC-192,decaps,624,1703936
HQC-192,decaps,625,1703936
HQC-192,decaps,626,1671168
HQC-192,decaps,627,1736704
HQC-192,decaps,628,1703936
HQC-192,decaps,629,1703936
HQC-192,decaps,630,1736704
HQC-192,decaps,631,1703936
HQC-192,decaps,632,1671168
HQC-192,decaps,633,1671168
HQC-192,decaps,634,1736704
HQC-192,decaps,635,1703936
HQC-192,decaps,636,1769472
HQC-192,decaps,637,1736704
HQC-192,decaps,638,1736704
HQC-192,decaps,639,1736704
HQC-192,decaps,640,1703936
HQC-192,decaps,641,1736704
HQC-192,decaps,642,1736704
HQC-192,decaps,643,1703936
HQC-192,decaps,644,1736704
HQC-192,decaps,645,1736704
HQC-192,decaps,646,1703936
HQC-192,decaps,647,1703936
HQC-192,decaps,648,1671168
HQC-192,decaps,649,1736704
HQC-192,decaps,650,1703936
HQC-192,decaps,651,1703936
HQC-192,decaps,652,1703936
HQC-192,decaps,653,1703936
HQC-192,decaps,654,1703936
HQC-192,decaps,655,1703936
HQC-192,decaps,656,1736704
HQC-192,decaps,657,1703936
HQC-192,decaps,658,1703936
HQC-192,decaps,659,1703936
HQC-192,decaps,660,1703936
HQC-192,decaps,661,1736704
HQC-192,decaps,662,1703936
HQC-192,decaps,663,1703936
HQC-192,decaps,664,1703936
HQC-192,decaps,665,1736704
HQC-192,decaps,666,1703936
HQC-192,decaps,667,1736704
HQC-192,decaps,668,1703936
HQC-192,decaps,669,1736704
HQC-192,decaps,670,1736704
HQC-192,decaps,671,1671168
HQC-192,decaps,672,1703936
HQC-192,decaps,673,1671168
HQC-192,decaps,674,1736704
HQC-192,decaps,675,1736704
HQC-192,decaps,676,1736704
HQC-192,decaps,677,1736704
HQC-192,decaps,678,1703936
HQC-192,decaps,679,1703936
HQC-192,decaps,680,1703936
HQC-192,decaps,681,1703936
HQC-192,decaps,682,1703936
HQC-192,decaps,683,1736704
HQC-192,decaps,684,1736704
HQC-192,decaps,685,1671168
HQC-192,decaps,686,1736704
HQC-192,decaps,687,1703936
HQC-192,decaps,688,1703936
HQC-192,decaps,689,1736704
HQC-192,decaps,690,1736704
HQC-192,decaps,691,1736704
HQC-192,decaps,692,1703936
HQC-192,decaps,693,1703936
HQC-192,decaps,694,1703936
HQC-192,decaps,695,1703936
HQC-192,decaps,696,1736704
HQC-192,decaps,697,1703936
HQC-192,decaps,698,1703936
HQC-192,decaps,699,1736704
HQC-192,decaps,700,1736704
HQC-192,decaps,701,1671168
HQC-192,decaps,702,1736704
HQC-192,decaps,703,1703936
HQC-192,decaps,704,1671168
HQC-192,decaps,705,1703936
HQC-192,decaps,706,1703936
HQC-192,decaps,707,1736704
HQC-192,decaps,708,1703936
HQC-192,decaps,709,1703936
HQC-192,decaps,710,1736704
HQC-192,decaps,711,1703936
HQC-192,decaps,712,1736704
HQC-192,decaps,713,1736704
HQC-192,decaps,714,1736704
HQC-192,decaps,715,1671168
HQC-192,decaps,716,1703936
HQC-192,decaps,717,1703936
HQC-192,decaps,718,1736704
HQC-192,decaps,719,1671168
HQC-192,decaps,720,1703936
HQC-192,decaps,721,1736704
HQC-192,decaps,722,1703936
HQC-192,decaps,723,1703936
HQC-192,decaps,724,1671168
HQC-192,decaps,725,1736704
HQC-192,decaps,726,1703936
HQC-192,decaps,727,1703936
HQC-192,decaps,728,1703936
HQC-192,decaps,729,1736704
HQC-192,decaps,730,1703936
HQC-192,decaps,731,1736704
HQC-192,decaps,732,1703936
HQC-192,decaps,733,1736704
HQC-192,decaps,734,1703936
HQC-192,decaps,735,1736704
HQC-192,decaps,736,1703936
HQC-192,decaps,737,1736704
HQC-192,decaps,738,1703936
HQC-192,decaps,739,1703936
HQC-192,decaps,740,1736704
HQC-192,decaps,741,1703936
HQC-192,decaps,742,1736704
HQC-192,decaps,743,1703936
HQC-192,decaps,744,1736704
HQC-192,decaps,745,1703936
HQC-192,decaps,746,1703936
HQC-192,decaps,747,1736704
HQC-192,decaps,748,1703936
HQC-192,decaps,749,1703936
HQC-192,decaps,750,1736704
HQC-192,decaps,751,1736704
HQC-192,decaps,752,1703936
HQC-192,decaps,753,1671168
HQC-192,decaps,754,1703936
HQC-192,decaps,755,1736704
HQC-192,decaps,756,1703936
HQC-192,decaps,757,1736704
HQC-192,decaps,758,1736704
HQC-192,decaps,759,1703936
HQC-192,decaps,760,1703936
HQC-192,decaps,761,1736704
HQC-192,decaps,762,1703936
HQC-192,decaps,763,1703936
HQC-192,decaps,764,1736704
HQC-192,decaps,765,1703936
HQC-192,decaps,766,1703936
HQC-192,decaps,767,1736704
HQC-192,decaps,768,1703936
HQC-192,decaps,769,1736704
HQC-192,decaps,770,1736704
HQC-192,decaps,771,1736704
HQC-192,decaps,772,1736704
HQC-192,decaps,773,1671168
HQC-192,decaps,774,1736704
HQC-192,decaps,775,1736704
HQC-192,decaps,776,1736704
HQC-192,decaps,777,1703936
HQC-192,decaps,778,1703936
HQC-192,decaps,779,1703936
HQC-192,decaps,780,1703936
HQC-192,decaps,781,1736704
HQC-192,decaps,782,1736704
HQC-192,decaps,783,1703936
HQC-192,decaps,784,1703936
HQC-192,decaps,785,1671168
HQC-192,decaps,786,1703936
HQC-192,decaps,787,1703936
HQC-192,decaps,788,1736704
HQC-192,decaps,789,1736704
HQC-192,decaps,790,1736704
HQC-192,decaps,791,1703936
HQC-192,decaps,792,1703936
HQC-192,decaps,793,1736704
HQC-192,decaps,794,1703936
HQC-192,decaps,795,1736704
HQC-192,decaps,796,1703936
HQC-192,decaps,797,1703936
HQC-192,decaps,798,1703936
HQC-192,decaps,799,1736704
HQC-192,decaps,800,1703936
HQC-192,decaps,801,1736704
HQC-192,decaps,802,1703936
HQC-192,decaps,803,1736704
HQC-192,decaps,804,1736704
HQC-192,decaps,805,1736704
HQC-192,decaps,806,1736704
HQC-192,decaps,807,1703936
HQC-192,decaps,808,1736704
HQC-192,decaps,809,1736704
HQC-192,decaps,810,1703936
HQC-192,decaps,811,1703936
HQC-192,decaps,812,1736704
HQC-192,decaps,813,1703936
HQC-192,decaps,814,1736704
HQC-192,decaps,815,1703936
HQC-192,decaps,816,1736704
HQC-192,decaps,817,1736704
HQC-192,decaps,818,1736704
HQC-192,decaps,819,1736704
HQC-192,decaps,820,1736704
HQC-192,decaps,821,1703936
HQC-192,decaps,822,1671168
HQC-192,decaps,823,1736704
HQC-192,decaps,824,1769472
HQC-192,decaps,825,1703936
HQC-192,decaps,826,1703936
HQC-192,decaps,827,1703936
HQC-192,decaps,828,1703936
HQC-192,decaps,829,1703936
HQC-192,decaps,830,1736704
HQC-192,decaps,831,1703936
HQC-192,decaps,832,1736704
HQC-192,decaps,833,1703936
HQC-192,decaps,834,1736704
HQC-192,decaps,835,1736704
HQC-192,decaps,836,1736704
HQC-192,decaps,837,1671168
HQC-192,decaps,838,1736704
HQC-192,decaps,839,1736704
HQC-192,decaps,840,1703936
HQC-192,decaps,841,1671168
HQC-192,decaps,842,1703936
HQC-192,decaps,843,1703936
HQC-192,decaps,844,1736704
HQC-192,decaps,845,1703936
HQC-192,decaps,846,1703936
HQC-192,decaps,847,1703936
HQC-192,decaps,848,1703936
HQC-192,decaps,849,1703936
HQC-192,decaps,850,1703936
HQC-192,decaps,851,1703936
HQC-192,decaps,852,1703936
HQC-192,decaps,853,1736704
HQC-192,decaps,854,1671168
HQC-192,decaps,855,1703936
HQC-192,decaps,856,1736704
HQC-192,decaps,857,1769472
HQC-192,decaps,858,1736704
HQC-192,decaps,859,1703936
HQC-192,decaps,860,1736704
HQC-192,decaps,861,1703936
HQC-192,decaps,862,1769472
HQC-192,decaps,863,1736704
HQC-192,decaps,864,1703936
HQC-192,decaps,865,1703936
HQC-192,decaps,866,1703936
HQC-192,decaps,867,1703936
HQC-192,decaps,868,1703936
HQC-192,decaps,869,1703936
HQC-192,decaps,870,1736704
HQC-192,decaps,871,1671168
HQC-192,decaps,872,1703936
HQC-192,decaps,873,1703936
HQC-192,decaps,874,1736704
HQC-192,decaps,875,1703936
HQC-192,decaps,876,1703936
HQC-192,decaps,877,1736704
HQC-192,decaps,878,1703936
HQC-192,decaps,879,1671168
HQC-192,decaps,880,1703936
HQC-192,decaps,881,1703936
HQC-192,decaps,882,1703936
HQC-192,decaps,883,1703936
HQC-192,decaps,884,1703936
HQC-192,decaps,885,1736704
HQC-192,decaps,886,1736704
HQC-192,decaps,887,1736704
HQC-192,decaps,888,1703936
HQC-192,decaps,889,1769472
HQC-192,decaps,890,1736704
HQC-192,decaps,891,1671168
HQC-192,decaps,892,1736704
HQC-192,decaps,893,1671168
HQC-192,decaps,894,1703936
HQC-192,decaps,895,1703936
HQC-192,decaps,896,1736704
HQC-192,decaps,897,1703936
HQC-192,decaps,898,1736704
HQC-192,decaps,899,1703936
HQC-192,decaps,900,1671168
HQC-192,decaps,901,1703936
HQC-192,decaps,902,1736704
HQC-192,decaps,903,1703936
HQC-192,decaps,904,1736704
HQC-192,decaps,905,1671168
HQC-192,decaps,906,1703936
HQC-192,decaps,907,1736704
HQC-192,decaps,908,1703936
HQC-192,decaps,909,1703936
HQC-192,decaps,910,1703936
HQC-192,decaps,911,1671168
HQC-192,decaps,912,1703936
HQC-192,decaps,913,1703936
HQC-192,decaps,914,1703936
HQC-192,decaps,915,1703936
HQC-192,decaps,916,1736704
HQC-192,decaps,917,1736704
HQC-192,decaps,918,1736704
HQC-192,decaps,919,1703936
HQC-192,decaps,920,1703936
HQC-192,decaps,921,1703936
HQC-192,decaps,922,1736704
HQC-192,decaps,923,1703936
HQC-192,decaps,924,1703936
HQC-192,decaps,925,1703936
HQC-192,decaps,926,1736704
HQC-192,decaps,927,1736704
HQC-192,decaps,928,1671168
HQC-192,decaps,929,1703936
HQC-192,decaps,930,1703936
HQC-192,decaps,931,1703936
HQC-192,decaps,932,1736704
HQC-192,decaps,933,1703936
HQC-192,decaps,934,1703936
HQC-192,decaps,935,1736704
HQC-192,decaps,936,1736704
HQC-192,decaps,937,1736704
HQC-192,decaps,938,1703936
HQC-192,decaps,939,1703936
HQC-192,decaps,940,1671168
HQC-192,decaps,941,1703936
HQC-192,decaps,942,1736704
HQC-192,decaps,943,1703936
HQC-192,decaps,944,1703936
HQC-192,decaps,945,1703936
HQC-192,decaps,946,1736704
HQC-192,decaps,947,1769472
HQC-192,decaps,948,1703936
HQC-192,decaps,949,1736704
HQC-192,decaps,950,1671168
HQC-192,decaps,951,1736704
HQC-192,decaps,952,1703936
HQC-192,decaps,953,1703936
HQC-192,decaps,954,1703936
HQC-192,decaps,955,1703936
HQC-192,decaps,956,1703936
HQC-192,decaps,957,1703936
HQC-192,decaps,958,1703936
HQC-192,decaps,959,1736704
HQC-192,decaps,960,1703936
HQC-192,decaps,961,1736704
HQC-192,decaps,962,1703936
HQC-192,decaps,963,1671168
HQC-192,decaps,964,1703936
HQC-192,decaps,965,1736704
HQC-192,decaps,966,1703936
HQC-192,decaps,967,1671168
HQC-192,decaps,968,1703936
HQC-192,decaps,969,1703936
HQC-192,decaps,970,1736704
HQC-192,decaps,971,1703936
HQC-192,decaps,972,1736704
HQC-192,decaps,973,1736704
HQC-192,decaps,974,1703936
HQC-192,decaps,975,1703936
HQC-192,decaps,976,1703936
HQC-192,decaps,977,1703936
HQC-192,decaps,978,1703936
HQC-192,decaps,979,1769472
HQC-192,decaps,980,1703936
HQC-192,decaps,981,1736704
HQC-192,decaps,982,1736704
HQC-192,decaps,983,1703936
HQC-192,decaps,984,1769472
HQC-192,decaps,985,1671168
HQC-192,decaps,986,1703936
HQC-192,decaps,987,1703936
HQC-192,decaps,988,1703936
HQC-192,decaps,989,1703936
HQC-192,decaps,990,1703936
HQC-192,decaps,991,1736704
HQC-192,decaps,992,1703936
HQC-192,decaps,993,1703936
HQC-192,decaps,994,1671168
HQC-192,decaps,995,1671168
HQC-192,decaps,996,1736704
HQC-192,decaps,997,1703936
HQC-192,decaps,998,1703936
HQC-192,decaps,999,1736704
HQC-192,decaps,1000,1736704
HQC-256,keygen,1,1654784
HQC-256,keygen,2,1720320
HQC-256,keygen,3,1687552
HQC-256,keygen,4,1654784
HQC-256,keygen,5,1687552
HQC-256,keygen,6,1654784
HQC-256,keygen,7,1687552
HQC-256,keygen,8,1687552
HQC-256,keygen,9,1687552
HQC-256,keygen,10,1687552
HQC-256,keygen,11,1654784
HQC-256,keygen,12,1687552
HQC-256,keygen,13,1687552
HQC-256,keygen,14,1654784
HQC-256,keygen,15,1654784
HQC-256,keygen,16,1687552
HQC-256,keygen,17,1687552
HQC-256,keygen,18,1687552
HQC-256,keygen,19,1654784
HQC-256,keygen,20,1687552
HQC-256,keygen,21,1687552
HQC-256,keygen,22,1687552
HQC-256,keygen,23,1687552
HQC-256,keygen,24,1687552
HQC-256,keygen,25,1654784
HQC-256,keygen,26,1687552
HQC-256,keygen,27,1720320
HQC-256,keygen,28,1687552
HQC-256,keygen,29,1687552
HQC-256,keygen,30,1687552
HQC-256,keygen,31,1687552
HQC-256,keygen,32,1654784
HQC-256,keygen,33,1687552
HQC-256,keygen,34,1687552
HQC-256,keygen,35,1720320
HQC-256,keygen,36,1654784
HQC-256,keygen,37,1687552
HQC-256,keygen,38,1654784
HQC-256,keygen,39,1654784
HQC-256,keygen,40,1687552
HQC-256,keygen,41,1654784
HQC-256,keygen,42,1687552
HQC-256,keygen,43,1687552
HQC-256,keygen,44,1687552
HQC-256,keygen,45,1720320
HQC-256,keygen,46,1654784
HQC-256,keygen,47,1654784
HQC-256,keygen,48,1720320
HQC-256,keygen,49,1687552
HQC-256,keygen,50,1687552
HQC-256,keygen,51,1687552
HQC-256,keygen,52,1687552
HQC-256,keygen,53,1687552
HQC-256,keygen,54,1687552
HQC-256,keygen,55,1687552
HQC-256,keygen,56,1687552
HQC-256,keygen,57,1654784
HQC-256,keygen,58,1687552
HQC-256,keygen,59,1687552
HQC-256,keygen,60,1687552
HQC-256,keygen,61,1687552
HQC-256,keygen,62,1687552
HQC-256,keygen,63,1687552
HQC-256,keygen,64,1687552
HQC-256,keygen,65,1687552
HQC-256,keygen,66,1687552
HQC-256,keygen,67,1687552
HQC-256,keygen,68,1687552
HQC-256,keygen,69,1736704
HQC-256,keygen,70,1654784
HQC-256,keygen,71,1687552
HQC-256,keygen,72,1687552
HQC-256,keygen,73,1687552
HQC-256,keygen,74,1687552
HQC-256,keygen,75,1687552
HQC-256,keygen,76,1654784
HQC-256,keygen,77,1654784
HQC-256,keygen,78,1687552
HQC-256,keygen,79,1687552
HQC-256,keygen,80,1687552
HQC-256,keygen,81,1687552
HQC-256,keygen,82,1687552
HQC-256,keygen,83,1654784
HQC-256,keygen,84,1687552
HQC-256,keygen,85,1687552
HQC-256,keygen,86,1687552
HQC-256,keygen,87,1654784
HQC-256,keygen,88,1687552
HQC-256,keygen,89,1687552
HQC-256,keygen,90,1687552
HQC-256,keygen,91,1654784
HQC-256,keygen,92,1687552
HQC-256,keygen,93,1687552
HQC-256,keygen,94,1687552
HQC-256,keygen,95,1720320
HQC-256,keygen,96,1687552
HQC-256,keygen,97,1654784
HQC-256,keygen,98,1687552
HQC-256,keygen,99,1687552
HQC-256,keygen,100,1687552
HQC-256,keygen,101,1687552
HQC-256,keygen,102,1654784
HQC-256,keygen,103,1654784
HQC-256,keygen,104,1687552
HQC-256,keygen,105,1687552
HQC-256,keygen,106,1687552
HQC-256,keygen,107,1687552
HQC-256,keygen,108,1687552
HQC-256,keygen,109,1687552
HQC-256,keygen,110,1654784
HQC-256,keygen,111,1687552
HQC-256,keygen,112,1654784
HQC-256,keygen,113,1720320
HQC-256,keygen,114,1687552
HQC-256,keygen,115,1654784
HQC-256,keygen,116,1687552
HQC-256,keygen,117,1687552
HQC-256,keygen,118,1654784
HQC-256,keygen,119,1654784
HQC-256,keygen,120,1687552
HQC-256,keygen,121,1687552
HQC-256,keygen,122,1687552
HQC-256,keygen,123,1687552
HQC-256,keygen,124,1687552
HQC-256,keygen,125,1687552
HQC-256,keygen,126,1687552
HQC-256,keygen,127,1687552
HQC-256,keygen,128,1654784
HQC-256,keygen,129,1687552
HQC-256,keygen,130,1654784
HQC-256,keygen,131,1687552
HQC-256,keygen,132,1687552
HQC-256,keygen,133,1654784
HQC-256,keygen,134,1687552
HQC-256,keygen,135,1687552
HQC-256,keygen,136,1687552
HQC-256,keygen,137,1654784
HQC-256,keygen,138,1687552
HQC-256,keygen,139,1687552
HQC-256,keygen,140,1654784
HQC-256,keygen,141,1687552
HQC-256,keygen,142,1654784
HQC-256,keygen,143,1654784
HQC-256,keygen,144,1687552
HQC-256,keygen,145,1687552
HQC-256,keygen,146,1654784
HQC-256,keygen,147,1687552
HQC-256,keygen,148,1687552
HQC-256,keygen,149,1687552
HQC-256,keygen,150,1687552
HQC-256,keygen,151,1654784
HQC-256,keygen,152,1687552
HQC-256,keygen,153,1654784
HQC-256,keygen,154,1654784
HQC-256,keygen,155,1687552
HQC-256,keygen,156,1687552
HQC-256,keygen,157,1687552
HQC-256,keygen,158,1687552
HQC-256,keygen,159,1687552
HQC-256,keygen,160,1687552
HQC-256,keygen,161,1654784
HQC-256,keygen,162,1687552
HQC-256,keygen,163,1687552
HQC-256,keygen,164,1687552
HQC-256,keygen,165,1654784
HQC-256,keygen,166,1687552
HQC-256,keygen,167,1687552
HQC-256,keygen,168,1687552
HQC-256,keygen,169,1687552
HQC-256,keygen,170,1687552
HQC-256,keygen,171,1654784
HQC-256,keygen,172,1687552
HQC-256,keygen,173,1687552
HQC-256,keygen,174,1687552
HQC-256,keygen,175,1654784
HQC-256,keygen,176,1687552
HQC-256,keygen,177,1687552
HQC-256,keygen,178,1687552
HQC-256,keygen,179,1687552
HQC-256,keygen,180,1687552
HQC-256,keygen,181,1720320
HQC-256,keygen,182,1654784
HQC-256,keygen,183,1654784
HQC-256,keygen,184,1687552
HQC-256,keygen,185,1687552
HQC-256,keygen,186,1720320
HQC-256,keygen,187,1687552
HQC-256,keygen,188,1654784
HQC-256,keygen,189,1687552
HQC-256,keygen,190,1654784
HQC-256,keygen,191,1687552
HQC-256,keygen,192,1687552
HQC-256,keygen,193,1687552
HQC-256,keygen,194,1687552
HQC-256,keygen,195,1687552
HQC-256,keygen,196,1654784
HQC-256,keygen,197,1654784
HQC-256,keygen,198,1687552
HQC-256,keygen,199,1687552
HQC-256,keygen,200,1687552
HQC-256,keygen,201,1654784
HQC-256,keygen,202,1654784
HQC-256,keygen,203,1687552
HQC-256,keygen,204,1703936
HQC-256,keygen,205,1654784
HQC-256,keygen,206,1687552
HQC-256,keygen,207,1687552
HQC-256,keygen,208,1687552
HQC-256,keygen,209,1687552
HQC-256,keygen,210,1687552
HQC-256,keygen,211,1687552
HQC-256,keygen,212,1687552
HQC-256,keygen,213,1687552
HQC-256,keygen,214,1687552
HQC-256,keygen,215,1687552
HQC-256,keygen,216,1687552
HQC-256,keygen,217,1687552
HQC-256,keygen,218,1687552
HQC-256,keygen,219,1654784
HQC-256,keygen,220,1687552
HQC-256,keygen,221,1687552
HQC-256,keygen,222,1687552
HQC-256,keygen,223,1687552
HQC-256,keygen,224,1687552
HQC-256,keygen,225,1687552
HQC-256,keygen,226,1687552
HQC-256,keygen,227,1687552
HQC-256,keygen,228,1654784
HQC-256,keygen,229,1654784
HQC-256,keygen,230,1654784
HQC-256,keygen,231,1687552
HQC-256,keygen,232,1720320
HQC-256,keygen,233,1687552
HQC-256,keygen,234,1687552
HQC-256,keygen,235,1687552
HQC-256,keygen,236,1687552
HQC-256,keygen,237,1654784
HQC-256,keygen,238,1687552
HQC-256,keygen,239,1687552
HQC-256,keygen,240,1687552
HQC-256,keygen,241,1687552
HQC-256,keygen,242,1687552
HQC-256,keygen,243,1687552
HQC-256,keygen,244,1687552
HQC-256,keygen,245,1687552
HQC-256,keygen,246,1687552
HQC-256,keygen,247,1687552
HQC-256,keygen,248,1687552
HQC-256,keygen,249,1687552
HQC-256,keygen,250,1720320
HQC-256,keygen,251,1687552
HQC-256,keygen,252,1654784
HQC-256,keygen,253,1703936
HQC-256,keygen,254,1687552
HQC-256,keygen,255,1687552
HQC-256,keygen,256,1654784
HQC-256,keygen,257,1687552
HQC-256,keygen,258,1687552
HQC-256,keygen,259,1687552
HQC-256,keygen,260,1687552
HQC-256,keygen,261,1687552
HQC-256,keygen,262,1687552
HQC-256,keygen,263,1720320
HQC-256,keygen,264,1687552
HQC-256,keygen,265,1687552
HQC-256,keygen,266,1720320
HQC-256,keygen,267,1687552
HQC-256,keygen,268,1687552
HQC-256,keygen,269,1687552
HQC-256,keygen,270,1654784
HQC-256,keygen,271,1687552
HQC-256,keygen,272,1687552
HQC-256,keygen,273,1687552
HQC-256,keygen,274,1687552
HQC-256,keygen,275,1687552
HQC-256,keygen,276,1687552
HQC-256,keygen,277,1654784
HQC-256,keygen,278,1687552
HQC-256,keygen,279,1654784
HQC-256,keygen,280,1687552
HQC-256,keygen,281,1654784
HQC-256,keygen,282,1687552
HQC-256,keygen,283,1687552
HQC-256,keygen,284,1687552
HQC-256,keygen,285,1687552
HQC-256,keygen,286,1687552
HQC-256,keygen,287,1687552
HQC-256,keygen,288,1654784
HQC-256,keygen,289,1654784
HQC-256,keygen,290,1687552
HQC-256,keygen,291,1687552
HQC-256,keygen,292,1736704
HQC-256,keygen,293,1687552
HQC-256,keygen,294,1687552
HQC-256,keygen,295,1687552
HQC-256,keygen,296,1687552
HQC-256,keygen,297,1687552
HQC-256,keygen,298,1654784
HQC-256,keygen,299,1687552
HQC-256,keygen,300,1687552
HQC-256,keygen,301,1687552
HQC-256,keygen,302,1654784
HQC-256,keygen,303,1687552
HQC-256,keygen,304,1687552
HQC-256,keygen,305,1687552
HQC-256,keygen,306,1654784
HQC-256,keygen,307,1687552
HQC-256,keygen,308,1687552
HQC-256,keygen,309,1687552
HQC-256,keygen,310,1687552
HQC-256,keygen,311,1687552
HQC-256,keygen,312,1654784
HQC-256,keygen,313,1654784
HQC-256,keygen,314,1687552
HQC-256,keygen,315,1687552
HQC-256,keygen,316,1687552
HQC-256,keygen,317,1687552
HQC-256,keygen,318,1687552
HQC-256,keygen,319,1687552
HQC-256,keygen,320,1687552
HQC-256,keygen,321,1654784
HQC-256,keygen,322,1687552
HQC-256,keygen,323,1687552
HQC-256,keygen,324,1654784
HQC-256,keygen,325,1687552
HQC-256,keygen,326,1687552
HQC-256,keygen,327,1687552
HQC-256,keygen,328,1687552
HQC-256,keygen,329,1687552
HQC-256,keygen,330,1654784
HQC-256,keygen,331,1687552
HQC-256,keygen,332,1687552
HQC-256,keygen,333,1687552
HQC-256,keygen,334,1687552
HQC-256,keygen,335,1687552
HQC-256,keygen,336,1654784
HQC-256,keygen,337,1687552
HQC-256,keygen,338,1687552
HQC-256,keygen,339,1687552
HQC-256,keygen,340,1687552
HQC-256,keygen,341,1687552
HQC-256,keygen,342,1687552
HQC-256,keygen,343,1687552
HQC-256,keygen,344,1687552
HQC-256,keygen,345,1654784
HQC-256,keygen,346,1687552
HQC-256,keygen,347,1687552
HQC-256,keygen,348,1687552
HQC-256,keygen,349,1687552
HQC-256,keygen,350,1687552
HQC-256,keygen,351,1687552
HQC-256,keygen,352,1687552
HQC-256,keygen,353,1654784
HQC-256,keygen,354,1687552
HQC-256,keygen,355,1687552
HQC-256,keygen,356,1687552
HQC-256,keygen,357,1720320
HQC-256,keygen,358,1687552
HQC-256,keygen,359,1687552
HQC-256,keygen,360,1687552
HQC-256,keygen,361,1654784
HQC-256,keygen,362,1687552
HQC-256,keygen,363,1687552
HQC-256,keygen,364,1654784
HQC-256,keygen,365,1687552
HQC-256,keygen,366,1687552
HQC-256,keygen,367,1687552
HQC-256,keygen,368,1687552
HQC-256,keygen,369,1687552
HQC-256,keygen,370,1687552
HQC-256,keygen,371,1654784
HQC-256,keygen,372,1687552
HQC-256,keygen,373,1654784
HQC-256,keygen,374,1654784
HQC-256,keygen,375,1654784
HQC-256,keygen,376,1687552
HQC-256,keygen,377,1687552
HQC-256,keygen,378,1687552
HQC-256,keygen,379,1687552
HQC-256,keygen,380,1687552
HQC-256,keygen,381,1687552
HQC-256,keygen,382,1687552
HQC-256,keygen,383,1654784
HQC-256,keygen,384,1687552
HQC-256,keygen,385,1687552
HQC-256,keygen,386,1654784
HQC-256,keygen,387,1687552
HQC-256,keygen,388,1687552
HQC-256,keygen,389,1687552
HQC-256,keygen,390,1687552
HQC-256,keygen,391,1687552
HQC-256,keygen,392,1687552
HQC-256,keygen,393,1687552
HQC-256,keygen,394,1654784
HQC-256,keygen,395,1687552
HQC-256,keygen,396,1654784
HQC-256,keygen,397,1687552
HQC-256,keygen,398,1687552
HQC-256,keygen,399,1687552
HQC-256,keygen,400,1687552
HQC-256,keygen,401,1654784
HQC-256,keygen,402,1687552
HQC-256,keygen,403,1687552
HQC-256,keygen,404,1687552
HQC-256,keygen,405,1687552
HQC-256,keygen,406,1654784
HQC-256,keygen,407,1687552
HQC-256,keygen,408,1687552
HQC-256,keygen,409,1769472
HQC-256,keygen,410,1654784
HQC-256,keygen,411,1687552
HQC-256,keygen,412,1654784
HQC-256,keygen,413,1687552
HQC-256,keygen,414,1687552
HQC-256,keygen,415,1687552
HQC-256,keygen,416,1654784
HQC-256,keygen,417,1687552
HQC-256,keygen,418,1687552
HQC-256,keygen,419,1687552
HQC-256,keygen,420,1687552
HQC-256,keygen,421,1687552
HQC-256,keygen,422,1687552
HQC-256,keygen,423,1654784
HQC-256,keygen,424,1687552
HQC-256,keygen,425,1654784
HQC-256,keygen,426,1687552
HQC-256,keygen,427,1687552
HQC-256,keygen,428,1654784
HQC-256,keygen,429,1687552
HQC-256,keygen,430,1654784
HQC-256,keygen,431,1654784
HQC-256,keygen,432,1687552
HQC-256,keygen,433,1654784
HQC-256,keygen,434,1687552
HQC-256,keygen,435,1720320
HQC-256,keygen,436,1687552
HQC-256,keygen,437,1687552
HQC-256,keygen,438,1687552
HQC-256,keygen,439,1687552
HQC-256,keygen,440,1687552
HQC-256,keygen,441,1687552
HQC-256,keygen,442,1687552
HQC-256,keygen,443,1654784
HQC-256,keygen,444,1687552
HQC-256,keygen,445,1654784
HQC-256,keygen,446,1687552
HQC-256,keygen,447,1687552
HQC-256,keygen,448,1654784
HQC-256,keygen,449,1687552
HQC-256,keygen,450,1687552
HQC-256,keygen,451,1687552
HQC-256,keygen,452,1654784
HQC-256,keygen,453,1687552
HQC-256,keygen,454,1687552
HQC-256,keygen,455,1687552
HQC-256,keygen,456,1687552
HQC-256,keygen,457,1654784
HQC-256,keygen,458,1687552
HQC-256,keygen,459,1687552
HQC-256,keygen,460,1687552
HQC-256,keygen,461,1654784
HQC-256,keygen,462,1687552
HQC-256,keygen,463,1687552
HQC-256,keygen,464,1687552
HQC-256,keygen,465,1687552
HQC-256,keygen,466,1654784
HQC-256,keygen,467,1687552
HQC-256,keygen,468,1654784
HQC-256,keygen,469,1687552
HQC-256,keygen,470,1687552
HQC-256,keygen,471,1687552
HQC-256,keygen,472,1687552
HQC-256,keygen,473,1654784
HQC-256,keygen,474,1687552
HQC-256,keygen,475,1687552
HQC-256,keygen,476,1687552
HQC-256,keygen,477,1687552
HQC-256,keygen,478,1687552
HQC-256,keygen,479,1687552
HQC-256,keygen,480,1654784
HQC-256,keygen,481,1687552
HQC-256,keygen,482,1687552
HQC-256,keygen,483,1687552
HQC-256,keygen,484,1687552
HQC-256,keygen,485,1687552
HQC-256,keygen,486,1654784
HQC-256,keygen,487,1687552
HQC-256,keygen,488,1687552
HQC-256,keygen,489,1687552
HQC-256,keygen,490,1687552
HQC-256,keygen,491,1687552
HQC-256,keygen,492,1687552
HQC-256,keygen,493,1687552
HQC-256,keygen,494,1687552
HQC-256,keygen,495,1703936
HQC-256,keygen,496,1654784
HQC-256,keygen,497,1687552
HQC-256,keygen,498,1687552
HQC-256,keygen,499,1687552
HQC-256,keygen,500,1687552
HQC-256,keygen,501,1687552
HQC-256,keygen,502,1654784
HQC-256,keygen,503,1654784
HQC-256,keygen,504,1654784
HQC-256,keygen,505,1687552
HQC-256,keygen,506,1687552
HQC-256,keygen,507,1687552
HQC-256,keygen,508,1720320
HQC-256,keygen,509,1687552
HQC-256,keygen,510,1687552
HQC-256,keygen,511,1687552
HQC-256,keygen,512,1687552
HQC-256,keygen,513,1687552
HQC-256,keygen,514,1687552
HQC-256,keygen,515,1654784
HQC-256,keygen,516,1654784
HQC-256,keygen,517,1687552
HQC-256,keygen,518,1687552
HQC-256,keygen,519,1654784
HQC-256,keygen,520,1687552
HQC-256,keygen,521,1687552
HQC-256,keygen,522,1687552
HQC-256,keygen,523,1654784
HQC-256,keygen,524,1687552
HQC-256,keygen,525,1654784
HQC-256,keygen,526,1687552
HQC-256,keygen,527,1687552
HQC-256,keygen,528,1687552
HQC-256,keygen,529,1687552
HQC-256,keygen,530,1687552
HQC-256,keygen,531,1687552
HQC-256,keygen,532,1687552
HQC-256,keygen,533,1687552
HQC-256,keygen,534,1687552
HQC-256,keygen,535,1687552
HQC-256,keygen,536,1687552
HQC-256,keygen,537,1687552
HQC-256,keygen,538,1687552
HQC-256,keygen,539,1687552
HQC-256,keygen,540,1687552
HQC-256,keygen,541,1687552
HQC-256,keygen,542,1687552
HQC-256,keygen,543,1654784
HQC-256,keygen,544,1769472
HQC-256,keygen,545,1687552
HQC-256,keygen,546,1687552
HQC-256,keygen,547,1687552
HQC-256,keygen,548,1687552
HQC-256,keygen,549,1654784
HQC-256,keygen,550,1687552
HQC-256,keygen,551,1687552
HQC-256,keygen,552,1687552
HQC-256,keygen,553,1687552
HQC-256,keygen,554,1687552
HQC-256,keygen,555,1687552
HQC-256,keygen,556,1687552
HQC-256,keygen,557,1654784
HQC-256,keygen,558,1687552
HQC-256,keygen,559,1654784
HQC-256,keygen,560,1687552
HQC-256,keygen,561,1687552
HQC-256,keygen,562,1687552
HQC-256,keygen,563,1687552
HQC-256,keygen,564,1687552
HQC-256,keygen,565,1654784
HQC-256,keygen,566,1654784
HQC-256,keygen,567,1654784
HQC-256,keygen,568,1654784
HQC-256,keygen,569,1687552
HQC-256,keygen,570,1753088
HQC-256,keygen,571,1687552
HQC-256,keygen,572,1654784
HQC-256,keygen,573,1687552
HQC-256,keygen,574,1654784
HQC-256,keygen,575,1687552
HQC-256,keygen,576,1687552
HQC-256,keygen,577,1687552
HQC-256,keygen,578,1687552
HQC-256,keygen,579,1687552
HQC-256,keygen,580,1687552
HQC-256,keygen,581,1687552
HQC-256,keygen,582,1687552
HQC-256,keygen,583,1654784
HQC-256,keygen,584,1654784
HQC-256,keygen,585,1687552
HQC-256,keygen,586,1687552
HQC-256,keygen,587,1687552
HQC-256,keygen,588,1687552
HQC-256,keygen,589,1687552
HQC-256,keygen,590,1687552
HQC-256,keygen,591,1687552
HQC-256,keygen,592,1687552
HQC-256,keygen,593,1687552
HQC-256,keygen,594,1687552
HQC-256,keygen,595,1687552
HQC-256,keygen,596,1687552
HQC-256,keygen,597,1687552
HQC-256,keygen,598,1687552
HQC-256,keygen,599,1687552
HQC-256,keygen,600,1654784
HQC-256,keygen,601,1720320
HQC-256,keygen,602,1687552
HQC-256,keygen,603,1687552
HQC-256,keygen,604,1687552
HQC-256,keygen,605,1687552
HQC-256,keygen,606,1687552
HQC-256,keygen,607,1687552
HQC-256,keygen,608,1687552
HQC-256,keygen,609,1687552
HQC-256,keygen,610,1769472
HQC-256,keygen,611,1687552
HQC-256,keygen,612,1720320
HQC-256,keygen,613,1687552
HQC-256,keygen,614,1687552
HQC-256,keygen,615,1687552
HQC-256,keygen,616,1687552
HQC-256,keygen,617,1687552
HQC-256,keygen,618,1654784
HQC-256,keygen,619,1687552
HQC-256,keygen,620,1654784
HQC-256,keygen,621,1687552
HQC-256,keygen,622,1654784
HQC-256,keygen,623,1654784
HQC-256,keygen,624,1687552
HQC-256,keygen,625,1687552
HQC-256,keygen,626,1654784
HQC-256,keygen,627,1687552
HQC-256,keygen,628,1687552
HQC-256,keygen,629,1687552
HQC-256,keygen,630,1654784
HQC-256,keygen,631,1687552
HQC-256,keygen,632,1687552
HQC-256,keygen,633,1687552
HQC-256,keygen,634,1687552
HQC-256,keygen,635,1687552
HQC-256,keygen,636,1687552
HQC-256,keygen,637,1654784
HQC-256,keygen,638,1687552
HQC-256,keygen,639,1654784
HQC-256,keygen,640,1654784
HQC-256,keygen,641,1654784
HQC-256,keygen,642,1654784
HQC-256,keygen,643,1654784
HQC-256,keygen,644,1687552
HQC-256,keygen,645,1687552
HQC-256,keygen,646,1687552
HQC-256,keygen,647,1654784
HQC-256,keygen,648,1720320
HQC-256,keygen,649,1687552
HQC-256,keygen,650,1654784
HQC-256,keygen,651,1654784
HQC-256,keygen,652,1687552
HQC-256,keygen,653,1687552
HQC-256,keygen,654,1687552
HQC-256,keygen,655,1654784
HQC-256,keygen,656,1654784
HQC-256,keygen,657,1687552
HQC-256,keygen,658,1687552
HQC-256,keygen,659,1687552
HQC-256,keygen,660,1687552
HQC-256,keygen,661,1687552
HQC-256,keygen,662,1687552
HQC-256,keygen,663,1687552
HQC-256,keygen,664,1687552
HQC-256,keygen,665,1687552
HQC-256,keygen,666,1720320
HQC-256,keygen,667,1687552
HQC-256,keygen,668,1687552
HQC-256,keygen,669,1654784
HQC-256,keygen,670,1687552
HQC-256,keygen,671,1687552
HQC-256,keygen,672,1654784
HQC-256,keygen,673,1654784
HQC-256,keygen,674,1654784
HQC-256,keygen,675,1687552
HQC-256,keygen,676,1687552
HQC-256,keygen,677,1654784
HQC-256,keygen,678,1687552
HQC-256,keygen,679,1654784
HQC-256,keygen,680,1687552
HQC-256,keygen,681,1687552
HQC-256,keygen,682,1687552
HQC-256,keygen,683,1654784
HQC-256,keygen,684,1687552
HQC-256,keygen,685,1654784
HQC-256,keygen,686,1687552
HQC-256,keygen,687,1687552
HQC-256,keygen,688,1687552
HQC-256,keygen,689,1687552
HQC-256,keygen,690,1654784
HQC-256,keygen,691,1687552
HQC-256,keygen,692,1687552
HQC-256,keygen,693,1687552
HQC-256,keygen,694,1687552
HQC-256,keygen,695,1687552
HQC-256,keygen,696,1687552
HQC-256,keygen,697,1687552
HQC-256,keygen,698,1687552
HQC-256,keygen,699,1687552
HQC-256,keygen,700,1654784
HQC-256,keygen,701,1687552
HQC-256,keygen,702,1654784
HQC-256,keygen,703,1687552
HQC-256,keygen,704,1687552
HQC-256,keygen,705,1687552
HQC-256,keygen,706,1687552
HQC-256,keygen,707,1687552
HQC-256,keygen,708,1687552
HQC-256,keygen,709,1687552
HQC-256,keygen,710,1687552
HQC-256,keygen,711,1687552
HQC-256,keygen,712,1687552
HQC-256,keygen,713,1687552
HQC-256,keygen,714,1687552
HQC-256,keygen,715,1687552
HQC-256,keygen,716,1687552
HQC-256,keygen,717,1687552
HQC-256,keygen,718,1654784
HQC-256,keygen,719,1654784
HQC-256,keygen,720,1687552
HQC-256,keygen,721,1687552
HQC-256,keygen,722,1687552
HQC-256,keygen,723,1687552
HQC-256,keygen,724,1687552
HQC-256,keygen,725,1654784
HQC-256,keygen,726,1654784
HQC-256,keygen,727,1654784
HQC-256,keygen,728,1687552
HQC-256,keygen,729,1687552
HQC-256,keygen,730,1687552
HQC-256,keygen,731,1687552
HQC-256,keygen,732,1687552
HQC-256,keygen,733,1687552
HQC-256,keygen,734,1654784
HQC-256,keygen,735,1687552
HQC-256,keygen,736,1687552
HQC-256,keygen,737,1687552
HQC-256,keygen,738,1654784
HQC-256,keygen,739,1687552
HQC-256,keygen,740,1654784
HQC-256,keygen,741,1687552
HQC-256,keygen,742,1654784
HQC-256,keygen,743,1720320
HQC-256,keygen,744,1687552
HQC-256,keygen,745,1687552
HQC-256,keygen,746,1687552
HQC-256,keygen,747,1687552
HQC-256,keygen,748,1654784
HQC-256,keygen,749,1687552
HQC-256,keygen,750,1654784
HQC-256,keygen,751,1654784
HQC-256,keygen,752,1687552
HQC-256,keygen,753,1654784
HQC-256,keygen,754,1687552
HQC-256,keygen,755,1687552
HQC-256,keygen,756,1687552
HQC-256,keygen,757,1654784
HQC-256,keygen,758,1687552
HQC-256,keygen,759,1687552
HQC-256,keygen,760,1687552
HQC-256,keygen,761,1687552
HQC-256,keygen,762,1687552
HQC-256,keygen,763,1687552
HQC-256,keygen,764,1687552
HQC-256,keygen,765,1687552
HQC-256,keygen,766,1687552
HQC-256,keygen,767,1687552
HQC-256,keygen,768,1687552
HQC-256,keygen,769,1687552
HQC-256,keygen,770,1654784
HQC-256,keygen,771,1687552
HQC-256,keygen,772,1687552
HQC-256,keygen,773,1654784
HQC-256,keygen,774,1687552
HQC-256,keygen,775,1687552
HQC-256,keygen,776,1654784
HQC-256,keygen,777,1687552
HQC-256,keygen,778,1687552
HQC-256,keygen,779,1687552
HQC-256,keygen,780,1687552
HQC-256,keygen,781,1687552
HQC-256,keygen,782,1687552
HQC-256,keygen,783,1654784
HQC-256,keygen,784,1703936
HQC-256,keygen,785,1687552
HQC-256,keygen,786,1687552
HQC-256,keygen,787,1687552
HQC-256,keygen,788,1687552
HQC-256,keygen,789,1736704
HQC-256,keygen,790,1687552
HQC-256,keygen,791,1687552
HQC-256,keygen,792,1687552
HQC-256,keygen,793,1687552
HQC-256,keygen,794,1720320
HQC-256,keygen,795,1687552
HQC-256,keygen,796,1687552
HQC-256,keygen,797,1654784
HQC-256,keygen,798,1687552
HQC-256,keygen,799,1736704
HQC-256,keygen,800,1687552
HQC-256,keygen,801,1687552
HQC-256,keygen,802,1687552
HQC-256,keygen,803,1687552
HQC-256,keygen,804,1687552
HQC-256,keygen,805,1687552
HQC-256,keygen,806,1654784
HQC-256,keygen,807,1687552
HQC-256,keygen,808,1654784
HQC-256,keygen,809,1687552
HQC-256,keygen,810,1687552
HQC-256,keygen,811,1687552
HQC-256,keygen,812,1687552
HQC-256,keygen,813,1687552
HQC-256,keygen,814,1687552
HQC-256,keygen,815,1654784
HQC-256,keygen,816,1687552
HQC-256,keygen,817,1736704
HQC-256,keygen,818,1687552
HQC-256,keygen,819,1687552
HQC-256,keygen,820,1687552
HQC-256,keygen,821,1687552
HQC-256,keygen,822,1687552
HQC-256,keygen,823,1687552
HQC-256,keygen,824,1687552
HQC-256,keygen,825,1687552
HQC-256,keygen,826,1654784
HQC-256,keygen,827,1687552
HQC-256,keygen,828,1654784
HQC-256,keygen,829,1654784
HQC-256,keygen,830,1687552
HQC-256,keygen,831,1687552
HQC-256,keygen,832,1687552
HQC-256,keygen,833,1654784
HQC-256,keygen,834,1687552
HQC-256,keygen,835,1687552
HQC-256,keygen,836,1687552
HQC-256,keygen,837,1687552
HQC-256,keygen,838,1654784
HQC-256,keygen,839,1687552
HQC-256,keygen,840,1687552
HQC-256,keygen,841,1654784
HQC-256,keygen,842,1654784
HQC-256,keygen,843,1687552
HQC-256,keygen,844,1687552
HQC-256,keygen,845,1687552
HQC-256,keygen,846,1687552
HQC-256,keygen,847,1654784
HQC-256,keygen,848,1687552
HQC-256,keygen,849,1687552
HQC-256,keygen,850,1687552
HQC-256,keygen,851,1687552
HQC-256,keygen,852,1654784
HQC-256,keygen,853,1687552
HQC-256,keygen,854,1687552
HQC-256,keygen,855,1687552
HQC-256,keygen,856,1753088
HQC-256,keygen,857,1654784
HQC-256,keygen,858,1687552
HQC-256,keygen,859,1687552
HQC-256,keygen,860,1687552
HQC-256,keygen,861,1687552
HQC-256,keygen,862,1654784
HQC-256,keygen,863,1687552
HQC-256,keygen,864,1687552
HQC-256,keygen,865,1687552
HQC-256,keygen,866,1687552
HQC-256,keygen,867,1687552
HQC-256,keygen,868,1687552
HQC-256,keygen,869,1687552
HQC-256,keygen,870,1687552
HQC-256,keygen,871,1654784
HQC-256,keygen,872,1687552
HQC-256,keygen,873,1687552
HQC-256,keygen,874,1687552
HQC-256,keygen,875,1687552
HQC-256,keygen,876,1687552
HQC-256,keygen,877,1687552
HQC-256,keygen,878,1687552
HQC-256,keygen,879,1654784
HQC-256,keygen,880,1654784
HQC-256,keygen,881,1687552
HQC-256,keygen,882,1654784
HQC-256,keygen,883,1654784
HQC-256,keygen,884,1687552
HQC-256,keygen,885,1687552
HQC-256,keygen,886,1687552
HQC-256,keygen,887,1654784
HQC-256,keygen,888,1687552
HQC-256,keygen,889,1720320
HQC-256,keygen,890,1654784
HQC-256,keygen,891,1654784
HQC-256,keygen,892,1687552
HQC-256,keygen,893,1687552
HQC-256,keygen,894,1654784
HQC-256,keygen,895,1687552
HQC-256,keygen,896,1687552
HQC-256,keygen,897,1654784
HQC-256,keygen,898,1687552
HQC-256,keygen,899,1654784
HQC-256,keygen,900,1654784
HQC-256,keygen,901,1687552
HQC-256,keygen,902,1687552
HQC-256,keygen,903,1687552
HQC-256,keygen,904,1687552
HQC-256,keygen,905,1654784
HQC-256,keygen,906,1687552
HQC-256,keygen,907,1687552
HQC-256,keygen,908,1687552
HQC-256,keygen,909,1687552
HQC-256,keygen,910,1720320
HQC-256,keygen,911,1654784
HQC-256,keygen,912,1687552
HQC-256,keygen,913,1654784
HQC-256,keygen,914,1687552
HQC-256,keygen,915,1687552
HQC-256,keygen,916,1654784
HQC-256,keygen,917,1687552
HQC-256,keygen,918,1654784
HQC-256,keygen,919,1687552
HQC-256,keygen,920,1687552
HQC-256,keygen,921,1687552
HQC-256,keygen,922,1687552
HQC-256,keygen,923,1736704
HQC-256,keygen,924,1654784
HQC-256,keygen,925,1687552
HQC-256,keygen,926,1687552
HQC-256,keygen,927,1687552
HQC-256,keygen,928,1654784
HQC-256,keygen,929,1687552
HQC-256,keygen,930,1687552
HQC-256,keygen,931,1687552
HQC-256,keygen,932,1687552
HQC-256,keygen,933,1687552
HQC-256,keygen,934,1687552
HQC-256,keygen,935,1687552
HQC-256,keygen,936,1687552
HQC-256,keygen,937,1687552
HQC-256,keygen,938,1654784
HQC-256,keygen,939,1654784
HQC-256,keygen,940,1654784
HQC-256,keygen,941,1654784
HQC-256,keygen,942,1687552
HQC-256,keygen,943,1687552
HQC-256,keygen,944,1687552
HQC-256,keygen,945,1687552
HQC-256,keygen,946,1720320
HQC-256,keygen,947,1654784
HQC-256,keygen,948,1654784
HQC-256,keygen,949,1720320
HQC-256,keygen,950,1687552
HQC-256,keygen,951,1687552
HQC-256,keygen,952,1687552
HQC-256,keygen,953,1687552
HQC-256,keygen,954,1687552
HQC-256,keygen,955,1687552
HQC-256,keygen,956,1654784
HQC-256,keygen,957,1654784
HQC-256,keygen,958,1687552
HQC-256,keygen,959,1687552
HQC-256,keygen,960,1687552
HQC-256,keygen,961,1687552
HQC-256,keygen,962,1654784
HQC-256,keygen,963,1687552
HQC-256,keygen,964,1687552
HQC-256,keygen,965,1687552
HQC-256,keygen,966,1654784
HQC-256,keygen,967,1687552
HQC-256,keygen,968,1687552
HQC-256,keygen,969,1687552
HQC-256,keygen,970,1687552
HQC-256,keygen,971,1654784
HQC-256,keygen,972,1687552
HQC-256,keygen,973,1687552
HQC-256,keygen,974,1687552
HQC-256,keygen,975,1687552
HQC-256,keygen,976,1687552
HQC-256,keygen,977,1687552
HQC-256,keygen,978,1687552
HQC-256,keygen,979,1687552
HQC-256,keygen,980,1687552
HQC-256,keygen,981,1654784
HQC-256,keygen,982,1687552
HQC-256,keygen,983,1687552
HQC-256,keygen,984,1654784
HQC-256,keygen,985,1654784
HQC-256,keygen,986,1687552
HQC-256,keygen,987,1687552
HQC-256,keygen,988,1687552
HQC-256,keygen,989,1687552
HQC-256,keygen,990,1687552
HQC-256,keygen,991,1687552
HQC-256,keygen,992,1687552
HQC-256,keygen,993,1687552
HQC-256,keygen,994,1687552
HQC-256,keygen,995,1687552
HQC-256,keygen,996,1654784
HQC-256,keygen,997,1687552
HQC-256,keygen,998,1687552
HQC-256,keygen,999,1654784
HQC-256,keygen,1000,1687552
HQC-256,encaps,1,1818624
HQC-256,encaps,2,1818624
HQC-256,encaps,3,1818624
HQC-256,encaps,4,1753088
HQC-256,encaps,5,1818624
HQC-256,encaps,6,1818624
HQC-256,encaps,7,1753088
HQC-256,encaps,8,1851392
HQC-256,encaps,9,1818624
HQC-256,encaps,10,1753088
HQC-256,encaps,11,1785856
HQC-256,encaps,12,1753088
HQC-256,encaps,13,1818624
HQC-256,encaps,14,1818624
HQC-256,encaps,15,1818624
HQC-256,encaps,16,1818624
HQC-256,encaps,17,1851392
HQC-256,encaps,18,1818624
HQC-256,encaps,19,1753088
HQC-256,encaps,20,1818624
HQC-256,encaps,21,1818624
HQC-256,encaps,22,1753088
HQC-256,encaps,23,1753088
HQC-256,encaps,24,1753088
HQC-256,encaps,25,1818624
HQC-256,encaps,26,1753088
HQC-256,encaps,27,1818624
HQC-256,encaps,28,1818624
HQC-256,encaps,29,1818624
HQC-256,encaps,30,1753088
HQC-256,encaps,31,1818624
HQC-256,encaps,32,1753088
HQC-256,encaps,33,1818624
HQC-256,encaps,34,1753088
HQC-256,encaps,35,1818624
HQC-256,encaps,36,1818624
HQC-256,encaps,37,1818624
HQC-256,encaps,38,1753088
HQC-256,encaps,39,1753088
HQC-256,encaps,40,1818624
HQC-256,encaps,41,1753088
HQC-256,encaps,42,1818624
HQC-256,encaps,43,1818624
HQC-256,encaps,44,1818624
HQC-256,encaps,45,1818624
HQC-256,encaps,46,1818624
HQC-256,encaps,47,1818624
HQC-256,encaps,48,1851392
HQC-256,encaps,49,1818624
HQC-256,encaps,50,1818624
HQC-256,encaps,51,1818624
HQC-256,encaps,52,1818624
HQC-256,encaps,53,1818624
HQC-256,encaps,54,1753088
HQC-256,encaps,55,1818624
HQC-256,encaps,56,1753088
HQC-256,encaps,57,1818624
HQC-256,encaps,58,1818624
HQC-256,encaps,59,1818624
HQC-256,encaps,60,1818624
HQC-256,encaps,61,1753088
HQC-256,encaps,62,1785856
HQC-256,encaps,63,1753088
HQC-256,encaps,64,1818624
HQC-256,encaps,65,1818624
HQC-256,encaps,66,1818624
HQC-256,encaps,67,1753088
HQC-256,encaps,68,1818624
HQC-256,encaps,69,1818624
HQC-256,encaps,70,1753088
HQC-256,encaps,71,1818624
HQC-256,encaps,72,1818624
HQC-256,encaps,73,1818624
HQC-256,encaps,74,1753088
HQC-256,encaps,75,1818624
HQC-256,encaps,76,1818624
HQC-256,encaps,77,1818624
HQC-256,encaps,78,1753088
HQC-256,encaps,79,1753088
HQC-256,encaps,80,1818624
HQC-256,encaps,81,1753088
HQC-256,encaps,82,1818624
HQC-256,encaps,83,1753088
HQC-256,encaps,84,1818624
HQC-256,encaps,85,1818624
HQC-256,encaps,86,1818624
HQC-256,encaps,87,1818624
HQC-256,encaps,88,1851392
HQC-256,encaps,89,1818624
HQC-256,encaps,90,1818624
HQC-256,encaps,91,1818624
HQC-256,encaps,92,1818624
HQC-256,encaps,93,1818624
HQC-256,encaps,94,1818624
HQC-256,encaps,95,1818624
HQC-256,encaps,96,1818624
HQC-256,encaps,97,1818624
HQC-256,encaps,98,1753088
HQC-256,encaps,99,1818624
HQC-256,encaps,100,1818624
HQC-256,encaps,101,1818624
HQC-256,encaps,102,1753088
HQC-256,encaps,103,1818624
HQC-256,encaps,104,1818624
HQC-256,encaps,105,1818624
HQC-256,encaps,106,1851392
HQC-256,encaps,107,1818624
HQC-256,encaps,108,1818624
HQC-256,encaps,109,1818624
HQC-256,encaps,110,1818624
HQC-256,encaps,111,1818624
HQC-256,encaps,112,1818624
HQC-256,encaps,113,1818624
HQC-256,encaps,114,1818624
HQC-256,encaps,115,1884160
HQC-256,encaps,116,1818624
HQC-256,encaps,117,1818624
HQC-256,encaps,118,1753088
HQC-256,encaps,119,1818624
HQC-256,encaps,120,1753088
HQC-256,encaps,121,1753088
HQC-256,encaps,122,1818624
HQC-256,encaps,123,1753088
HQC-256,encaps,124,1753088
HQC-256,encaps,125,1818624
HQC-256,encaps,126,1753088
HQC-256,encaps,127,1753088
HQC-256,encaps,128,1753088
HQC-256,encaps,129,1818624
HQC-256,encaps,130,1818624
HQC-256,encaps,131,1851392
HQC-256,encaps,132,1753088
HQC-256,encaps,133,1753088
HQC-256,encaps,134,1753088
HQC-256,encaps,135,1753088
HQC-256,encaps,136,1818624
HQC-256,encaps,137,1818624
HQC-256,encaps,138,1818624
HQC-256,encaps,139,1753088
HQC-256,encaps,140,1818624
HQC-256,encaps,141,1818624
HQC-256,encaps,142,1818624
HQC-256,encaps,143,1818624
HQC-256,encaps,144,1818624
HQC-256,encaps,145,1753088
HQC-256,encaps,146,1753088
HQC-256,encaps,147,1753088
HQC-256,encaps,148,1753088
HQC-256,encaps,149,1818624
HQC-256,encaps,150,1818624
HQC-256,encaps,151,1753088
HQC-256,encaps,152,1753088
HQC-256,encaps,153,1818624
HQC-256,encaps,154,1851392
HQC-256,encaps,155,1818624
HQC-256,encaps,156,1753088
HQC-256,encaps,157,1818624
HQC-256,encaps,158,1818624
HQC-256,encaps,159,1818624
HQC-256,encaps,160,1818624
HQC-256,encaps,161,1818624
HQC-256,encaps,162,1753088
HQC-256,encaps,163,1753088
HQC-256,encaps,164,1818624
HQC-256,encaps,165,1818624
HQC-256,encaps,166,1818624
HQC-256,encaps,167,1818624
HQC-256,encaps,168,1818624
HQC-256,encaps,169,1818624
HQC-256,encaps,170,1818624
HQC-256,encaps,171,1753088
HQC-256,encaps,172,1818624
HQC-256,encaps,173,1818624
HQC-256,encaps,174,1753088
HQC-256,encaps,175,1753088
HQC-256,encaps,176,1818624
HQC-256,encaps,177,1753088
HQC-256,encaps,178,1818624
HQC-256,encaps,179,1818624
HQC-256,encaps,180,1818624
HQC-256,encaps,181,1818624
HQC-256,encaps,182,1818624
HQC-256,encaps,183,1818624
HQC-256,encaps,184,1753088
HQC-256,encaps,185,1818624
HQC-256,encaps,186,1818624
HQC-256,encaps,187,1818624
HQC-256,encaps,188,1818624
HQC-256,encaps,189,1818624
HQC-256,encaps,190,1818624
HQC-256,encaps,191,1753088
HQC-256,encaps,192,1818624
HQC-256,encaps,193,1818624
HQC-256,encaps,194,1753088
HQC-256,encaps,195,1818624
HQC-256,encaps,196,1753088
HQC-256,encaps,197,1818624
HQC-256,encaps,198,1818624
HQC-256,encaps,199,1753088
HQC-256,encaps,200,1753088
HQC-256,encaps,201,1753088
HQC-256,encaps,202,1818624
HQC-256,encaps,203,1818624
HQC-256,encaps,204,1818624
HQC-256,encaps,205,1753088
HQC-256,encaps,206,1818624
HQC-256,encaps,207,1753088
HQC-256,encaps,208,1818624
HQC-256,encaps,209,1818624
HQC-256,encaps,210,1818624
HQC-256,encaps,211,1818624
HQC-256,encaps,212,1818624
HQC-256,encaps,213,1818624
HQC-256,encaps,214,1818624
HQC-256,encaps,215,1818624
HQC-256,encaps,216,1818624
HQC-256,encaps,217,1818624
HQC-256,encaps,218,1818624
HQC-256,encaps,219,1785856
HQC-256,encaps,220,1818624
HQC-256,encaps,221,1818624
HQC-256,encaps,222,1753088
HQC-256,encaps,223,1818624
HQC-256,encaps,224,1818624
HQC-256,encaps,225,1818624
HQC-256,encaps,226,1818624
HQC-256,encaps,227,1753088
HQC-256,encaps,228,1851392
HQC-256,encaps,229,1818624
HQC-256,encaps,230,1818624
HQC-256,encaps,231,1818624
HQC-256,encaps,232,1818624
HQC-256,encaps,233,1753088
HQC-256,encaps,234,1818624
HQC-256,encaps,235,1818624
HQC-256,encaps,236,1818624
HQC-256,encaps,237,1818624
HQC-256,encaps,238,1753088
HQC-256,encaps,239,1818624
HQC-256,encaps,240,1753088
HQC-256,encaps,241,1818624
HQC-256,encaps,242,1818624
HQC-256,encaps,243,1818624
HQC-256,encaps,244,1753088
HQC-256,encaps,245,1818624
HQC-256,encaps,246,1818624
HQC-256,encaps,247,1818624
HQC-256,encaps,248,1818624
HQC-256,encaps,249,1753088
HQC-256,encaps,250,1818624
HQC-256,encaps,251,1818624
HQC-256,encaps,252,1818624
HQC-256,encaps,253,1818624
HQC-256,encaps,254,1818624
HQC-256,encaps,255,1818624
HQC-256,encaps,256,1818624
HQC-256,encaps,257,1851392
HQC-256,encaps,258,1753088
HQC-256,encaps,259,1818624
HQC-256,encaps,260,1818624
HQC-256,encaps,261,1818624
HQC-256,encaps,262,1818624
HQC-256,encaps,263,1753088
HQC-256,encaps,264,1818624
HQC-256,encaps,265,1818624
HQC-256,encaps,266,1818624
HQC-256,encaps,267,1818624
HQC-256,encaps,268,1818624
HQC-256,encaps,269,1818624
HQC-256,encaps,270,1818624
HQC-256,encaps,271,1753088
HQC-256,encaps,272,1753088
HQC-256,encaps,273,1818624
HQC-256,encaps,274,1818624
HQC-256,encaps,275,1818624
HQC-256,encaps,276,1818624
HQC-256,encaps,277,1753088
HQC-256,encaps,278,1818624
HQC-256,encaps,279,1818624
HQC-256,encaps,280,1753088
HQC-256,encaps,281,1818624
HQC-256,encaps,282,1818624
HQC-256,encaps,283,1818624
HQC-256,encaps,284,1818624
HQC-256,encaps,285,1753088
HQC-256,encaps,286,1818624
HQC-256,encaps,287,1818624
HQC-256,encaps,288,1818624
HQC-256,encaps,289,1818624
HQC-256,encaps,290,1818624
HQC-256,encaps,291,1753088
HQC-256,encaps,292,1818624
HQC-256,encaps,293,1818624
HQC-256,encaps,294,1818624
HQC-256,encaps,295,1818624
HQC-256,encaps,296,1753088
HQC-256,encaps,297,1753088
HQC-256,encaps,298,1818624
HQC-256,encaps,299,1753088
HQC-256,encaps,300,1818624
HQC-256,encaps,301,1818624
HQC-256,encaps,302,1818624
HQC-256,encaps,303,1818624
HQC-256,encaps,304,1818624
HQC-256,encaps,305,1753088
HQC-256,encaps,306,1818624
HQC-256,encaps,307,1753088
HQC-256,encaps,308,1818624
HQC-256,encaps,309,1753088
HQC-256,encaps,310,1818624
HQC-256,encaps,311,1753088
HQC-256,encaps,312,1818624
HQC-256,encaps,313,1851392
HQC-256,encaps,314,1818624
HQC-256,encaps,315,1818624
HQC-256,encaps,316,1818624
HQC-256,encaps,317,1753088
HQC-256,encaps,318,1818624
HQC-256,encaps,319,1753088
HQC-256,encaps,320,1753088
HQC-256,encaps,321,1818624
HQC-256,encaps,322,1818624
HQC-256,encaps,323,1753088
HQC-256,encaps,324,1818624
HQC-256,encaps,325,1818624
HQC-256,encaps,326,1753088
HQC-256,encaps,327,1818624
HQC-256,encaps,328,1818624
HQC-256,encaps,329,1818624
HQC-256,encaps,330,1753088
HQC-256,encaps,331,1818624
HQC-256,encaps,332,1753088
HQC-256,encaps,333,1818624
HQC-256,encaps,334,1818624
HQC-256,encaps,335,1818624
HQC-256,encaps,336,1818624
HQC-256,encaps,337,1753088
HQC-256,encaps,338,1753088
HQC-256,encaps,339,1753088
HQC-256,encaps,340,1753088
HQC-256,encaps,341,1753088
HQC-256,encaps,342,1818624
HQC-256,encaps,343,1753088
HQC-256,encaps,344,1818624
HQC-256,encaps,345,1753088
HQC-256,encaps,346,1818624
HQC-256,encaps,347,1818624
HQC-256,encaps,348,1818624
HQC-256,encaps,349,1818624
HQC-256,encaps,350,1818624
HQC-256,encaps,351,1753088
HQC-256,encaps,352,1818624
HQC-256,encaps,353,1818624
HQC-256,encaps,354,1851392
HQC-256,encaps,355,1753088
HQC-256,encaps,356,1818624
HQC-256,encaps,357,1818624
HQC-256,encaps,358,1818624
HQC-256,encaps,359,1818624
HQC-256,encaps,360,1818624
HQC-256,encaps,361,1753088
HQC-256,encaps,362,1753088
HQC-256,encaps,363,1818624
HQC-256,encaps,364,1818624
HQC-256,encaps,365,1818624
HQC-256,encaps,366,1818624
HQC-256,encaps,367,1818624
HQC-256,encaps,368,1753088
HQC-256,encaps,369,1818624
HQC-256,encaps,370,1818624
HQC-256,encaps,371,1753088
HQC-256,encaps,372,1753088
HQC-256,encaps,373,1753088
HQC-256,encaps,374,1818624
HQC-256,encaps,375,1818624
HQC-256,encaps,376,1818624
HQC-256,encaps,377,1818624
HQC-256,encaps,378,1818624
HQC-256,encaps,379,1851392
HQC-256,encaps,380,1818624
HQC-256,encaps,381,1753088
HQC-256,encaps,382,1818624
HQC-256,encaps,383,1753088
HQC-256,encaps,384,1818624
HQC-256,encaps,385,1818624
HQC-256,encaps,386,1818624
HQC-256,encaps,387,1818624
HQC-256,encaps,388,1818624
HQC-256,encaps,389,1753088
HQC-256,encaps,390,1818624
HQC-256,encaps,391,1818624
HQC-256,encaps,392,1818624
HQC-256,encaps,393,1818624
HQC-256,encaps,394,1818624
HQC-256,encaps,395,1818624
HQC-256,encaps,396,1818624
HQC-256,encaps,397,1753088
HQC-256,encaps,398,1753088
HQC-256,encaps,399,1818624
HQC-256,encaps,400,1785856
HQC-256,encaps,401,1818624
HQC-256,encaps,402,1753088
HQC-256,encaps,403,1753088
HQC-256,encaps,404,1818624
HQC-256,encaps,405,1818624
HQC-256,encaps,406,1818624
HQC-256,encaps,407,1818624
HQC-256,encaps,408,1818624
HQC-256,encaps,409,1818624
HQC-256,encaps,410,1818624
HQC-256,encaps,411,1818624
HQC-256,encaps,412,1818624
HQC-256,encaps,413,1753088
HQC-256,encaps,414,1818624
HQC-256,encaps,415,1818624
HQC-256,encaps,416,1818624
HQC-256,encaps,417,1818624
HQC-256,encaps,418,1818624
HQC-256,encaps,419,1753088
HQC-256,encaps,420,1818624
HQC-256,encaps,421,1753088
HQC-256,encaps,422,1818624
HQC-256,encaps,423,1818624
HQC-256,encaps,424,1818624
HQC-256,encaps,425,1818624
HQC-256,encaps,426,1753088
HQC-256,encaps,427,1818624
HQC-256,encaps,428,1753088
HQC-256,encaps,429,1818624
HQC-256,encaps,430,1818624
HQC-256,encaps,431,1818624
HQC-256,encaps,432,1818624
HQC-256,encaps,433,1818624
HQC-256,encaps,434,1818624
HQC-256,encaps,435,1818624
HQC-256,encaps,436,1818624
HQC-256,encaps,437,1818624
HQC-256,encaps,438,1753088
HQC-256,encaps,439,1818624
HQC-256,encaps,440,1818624
HQC-256,encaps,441,1753088
HQC-256,encaps,442,1818624
HQC-256,encaps,443,1818624
HQC-256,encaps,444,1753088
HQC-256,encaps,445,1753088
HQC-256,encaps,446,1753088
HQC-256,encaps,447,1818624
HQC-256,encaps,448,1818624
HQC-256,encaps,449,1753088
HQC-256,encaps,450,1753088
HQC-256,encaps,451,1818624
HQC-256,encaps,452,1753088
HQC-256,encaps,453,1818624
HQC-256,encaps,454,1753088
HQC-256,encaps,455,1818624
HQC-256,encaps,456,1818624
HQC-256,encaps,457,1818624
HQC-256,encaps,458,1818624
HQC-256,encaps,459,1753088
HQC-256,encaps,460,1818624
HQC-256,encaps,461,1818624
HQC-256,encaps,462,1753088
HQC-256,encaps,463,1818624
HQC-256,encaps,464,1818624
HQC-256,encaps,465,1818624
HQC-256,encaps,466,1753088
HQC-256,encaps,467,1818624
HQC-256,encaps,468,1753088
HQC-256,encaps,469,1818624
HQC-256,encaps,470,1818624
HQC-256,encaps,471,1818624
HQC-256,encaps,472,1818624
HQC-256,encaps,473,1818624
HQC-256,encaps,474,1753088
HQC-256,encaps,475,1818624
HQC-256,encaps,476,1818624
HQC-256,encaps,477,1818624
HQC-256,encaps,478,1818624
HQC-256,encaps,479,1818624
HQC-256,encaps,480,1818624
HQC-256,encaps,481,1753088
HQC-256,encaps,482,1818624
HQC-256,encaps,483,1818624
HQC-256,encaps,484,1818624
HQC-256,encaps,485,1818624
HQC-256,encaps,486,1818624
HQC-256,encaps,487,1818624
HQC-256,encaps,488,1753088
HQC-256,encaps,489,1818624
HQC-256,encaps,490,1818624
HQC-256,encaps,491,1818624
HQC-256,encaps,492,1818624
HQC-256,encaps,493,1818624
HQC-256,encaps,494,1818624
HQC-256,encaps,495,1818624
HQC-256,encaps,496,1785856
HQC-256,encaps,497,1753088
HQC-256,encaps,498,1753088
HQC-256,encaps,499,1818624
HQC-256,encaps,500,1753088
HQC-256,encaps,501,1818624
HQC-256,encaps,502,1753088
HQC-256,encaps,503,1785856
HQC-256,encaps,504,1818624
HQC-256,encaps,505,1753088
HQC-256,encaps,506,1785856
HQC-256,encaps,507,1818624
HQC-256,encaps,508,1753088
HQC-256,encaps,509,1753088
HQC-256,encaps,510,1818624
HQC-256,encaps,511,1818624
HQC-256,encaps,512,1753088
HQC-256,encaps,513,1818624
HQC-256,encaps,514,1818624
HQC-256,encaps,515,1753088
HQC-256,encaps,516,1753088
HQC-256,encaps,517,1753088
HQC-256,encaps,518,1818624
HQC-256,encaps,519,1818624
HQC-256,encaps,520,1753088
HQC-256,encaps,521,1818624
HQC-256,encaps,522,1818624
HQC-256,encaps,523,1818624
HQC-256,encaps,524,1851392
HQC-256,encaps,525,1884160
HQC-256,encaps,526,1818624
HQC-256,encaps,527,1818624
HQC-256,encaps,528,1818624
HQC-256,encaps,529,1818624
HQC-256,encaps,530,1818624
HQC-256,encaps,531,1753088
HQC-256,encaps,532,1818624
HQC-256,encaps,533,1851392
HQC-256,encaps,534,1818624
HQC-256,encaps,535,1818624
HQC-256,encaps,536,1818624
HQC-256,encaps,537,1818624
HQC-256,encaps,538,1818624
HQC-256,encaps,539,1818624
HQC-256,encaps,540,1818624
HQC-256,encaps,541,1753088
HQC-256,encaps,542,1818624
HQC-256,encaps,543,1818624
HQC-256,encaps,544,1818624
HQC-256,encaps,545,1818624
HQC-256,encaps,546,1818624
HQC-256,encaps,547,1818624
HQC-256,encaps,548,1818624
HQC-256,encaps,549,1753088
HQC-256,encaps,550,1818624
HQC-256,encaps,551,1818624
HQC-256,encaps,552,1818624
HQC-256,encaps,553,1818624
HQC-256,encaps,554,1753088
HQC-256,encaps,555,1818624
HQC-256,encaps,556,1753088
HQC-256,encaps,557,1785856
HQC-256,encaps,558,1818624
HQC-256,encaps,559,1818624
HQC-256,encaps,560,1818624
HQC-256,encaps,561,1818624
HQC-256,encaps,562,1818624
HQC-256,encaps,563,1818624
HQC-256,encaps,564,1818624
HQC-256,encaps,565,1818624
HQC-256,encaps,566,1818624
HQC-256,encaps,567,1753088
HQC-256,encaps,568,1818624
HQC-256,encaps,569,1753088
HQC-256,encaps,570,1818624
HQC-256,encaps,571,1818624
HQC-256,encaps,572,1818624
HQC-256,encaps,573,1818624
HQC-256,encaps,574,1753088
HQC-256,encaps,575,1753088
HQC-256,encaps,576,1753088
HQC-256,encaps,577,1818624
HQC-256,encaps,578,1753088
HQC-256,encaps,579,1818624
HQC-256,encaps,580,1753088
HQC-256,encaps,581,1818624
HQC-256,encaps,582,1818624
HQC-256,encaps,583,1818624
HQC-256,encaps,584,1753088
HQC-256,encaps,585,1753088
HQC-256,encaps,586,1753088
HQC-256,encaps,587,1753088
HQC-256,encaps,588,1818624
HQC-256,encaps,589,1753088
HQC-256,encaps,590,1818624
HQC-256,encaps,591,1753088
HQC-256,encaps,592,1753088
HQC-256,encaps,593,1818624
HQC-256,encaps,594,1818624
HQC-256,encaps,595,1818624
HQC-256,encaps,596,1818624
HQC-256,encaps,597,1818624
HQC-256,encaps,598,1818624
HQC-256,encaps,599,1818624
HQC-256,encaps,600,1818624
HQC-256,encaps,601,1818624
HQC-256,encaps,602,1818624
HQC-256,encaps,603,1884160
HQC-256,encaps,604,1753088
HQC-256,encaps,605,1753088
HQC-256,encaps,606,1818624
HQC-256,encaps,607,1753088
HQC-256,encaps,608,1818624
HQC-256,encaps,609,1753088
HQC-256,encaps,610,1818624
HQC-256,encaps,611,1753088
HQC-256,encaps,612,1818624
HQC-256,encaps,613,1753088
HQC-256,encaps,614,1818624
HQC-256,encaps,615,1818624
HQC-256,encaps,616,1818624
HQC-256,encaps,617,1818624
HQC-256,encaps,618,1818624
HQC-256,encaps,619,1818624
HQC-256,encaps,620,1818624
HQC-256,encaps,621,1818624
HQC-256,encaps,622,1818624
HQC-256,encaps,623,1753088
HQC-256,encaps,624,1753088
HQC-256,encaps,625,1818624
HQC-256,encaps,626,1818624
HQC-256,encaps,627,1818624
HQC-256,encaps,628,1818624
HQC-256,encaps,629,1818624
HQC-256,encaps,630,1818624
HQC-256,encaps,631,1753088
HQC-256,encaps,632,1818624
HQC-256,encaps,633,1818624
HQC-256,encaps,634,1818624
HQC-256,encaps,635,1818624
HQC-256,encaps,636,1818624
HQC-256,encaps,637,1818624
HQC-256,encaps,638,1818624
HQC-256,encaps,639,1818624
HQC-256,encaps,640,1753088
HQC-256,encaps,641,1818624
HQC-256,encaps,642,1818624
HQC-256,encaps,643,1818624
HQC-256,encaps,644,1818624
HQC-256,encaps,645,1818624
HQC-256,encaps,646,1818624
HQC-256,encaps,647,1753088
HQC-256,encaps,648,1818624
HQC-256,encaps,649,1851392
HQC-256,encaps,650,1818624
HQC-256,encaps,651,1818624
HQC-256,encaps,652,1753088
HQC-256,encaps,653,1818624
HQC-256,encaps,654,1818624
HQC-256,encaps,655,1753088
HQC-256,encaps,656,1753088
HQC-256,encaps,657,1818624
HQC-256,encaps,658,1818624
HQC-256,encaps,659,1818624
HQC-256,encaps,660,1818624
HQC-256,encaps,661,1818624
HQC-256,encaps,662,1818624
HQC-256,encaps,663,1818624
HQC-256,encaps,664,1818624
HQC-256,encaps,665,1818624
HQC-256,encaps,666,1753088
HQC-256,encaps,667,1818624
HQC-256,encaps,668,1884160
HQC-256,encaps,669,1851392
HQC-256,encaps,670,1818624
HQC-256,encaps,671,1753088
HQC-256,encaps,672,1785856
HQC-256,encaps,673,1818624
HQC-256,encaps,674,1818624
HQC-256,encaps,675,1818624
HQC-256,encaps,676,1818624
HQC-256,encaps,677,1753088
HQC-256,encaps,678,1818624
HQC-256,encaps,679,1753088
HQC-256,encaps,680,1818624
HQC-256,encaps,681,1818624
HQC-256,encaps,682,1818624
HQC-256,encaps,683,1753088
HQC-256,encaps,684,1818624
HQC-256,encaps,685,1818624
HQC-256,encaps,686,1818624
HQC-256,encaps,687,1753088
HQC-256,encaps,688,1818624
HQC-256,encaps,689,1753088
HQC-256,encaps,690,1818624
HQC-256,encaps,691,1818624
HQC-256,encaps,692,1818624
HQC-256,encaps,693,1753088
HQC-256,encaps,694,1753088
HQC-256,encaps,695,1818624
HQC-256,encaps,696,1753088
HQC-256,encaps,697,1818624
HQC-256,encaps,698,1818624
HQC-256,encaps,699,1818624
HQC-256,encaps,700,1818624
HQC-256,encaps,701,1753088
HQC-256,encaps,702,1818624
HQC-256,encaps,703,1753088
HQC-256,encaps,704,1753088
HQC-256,encaps,705,1818624
HQC-256,encaps,706,1818624
HQC-256,encaps,707,1818624
HQC-256,encaps,708,1818624
HQC-256,encaps,709,1818624
HQC-256,encaps,710,1818624
HQC-256,encaps,711,1818624
HQC-256,encaps,712,1818624
HQC-256,encaps,713,1818624
HQC-256,encaps,714,1818624
HQC-256,encaps,715,1818624
HQC-256,encaps,716,1818624
HQC-256,encaps,717,1818624
HQC-256,encaps,718,1818624
HQC-256,encaps,719,1818624
HQC-256,encaps,720,1818624
HQC-256,encaps,721,1753088
HQC-256,encaps,722,1753088
HQC-256,encaps,723,1818624
HQC-256,encaps,724,1818624
HQC-256,encaps,725,1818624
HQC-256,encaps,726,1753088
HQC-256,encaps,727,1818624
HQC-256,encaps,728,1818624
HQC-256,encaps,729,1818624
HQC-256,encaps,730,1818624
HQC-256,encaps,731,1753088
HQC-256,encaps,732,1818624
HQC-256,encaps,733,1818624
HQC-256,encaps,734,1753088
HQC-256,encaps,735,1753088
HQC-256,encaps,736,1785856
HQC-256,encaps,737,1753088
HQC-256,encaps,738,1818624
HQC-256,encaps,739,1753088
HQC-256,encaps,740,1753088
HQC-256,encaps,741,1818624
HQC-256,encaps,742,1851392
HQC-256,encaps,743,1818624
HQC-256,encaps,744,1753088
HQC-256,encaps,745,1753088
HQC-256,encaps,746,1785856
HQC-256,encaps,747,1818624
HQC-256,encaps,748,1818624
HQC-256,encaps,749,1785856
HQC-256,encaps,750,1753088
HQC-256,encaps,751,1818624
HQC-256,encaps,752,1818624
HQC-256,encaps,753,1818624
HQC-256,encaps,754,1753088
HQC-256,encaps,755,1818624
HQC-256,encaps,756,1753088
HQC-256,encaps,757,1785856
HQC-256,encaps,758,1818624
HQC-256,encaps,759,1884160
HQC-256,encaps,760,1818624
HQC-256,encaps,761,1785856
HQC-256,encaps,762,1818624
HQC-256,encaps,763,1818624
HQC-256,encaps,764,1818624
HQC-256,encaps,765,1818624
HQC-256,encaps,766,1818624
HQC-256,encaps,767,1818624
HQC-256,encaps,768,1818624
HQC-256,encaps,769,1753088
HQC-256,encaps,770,1818624
HQC-256,encaps,771,1818624
HQC-256,encaps,772,1818624
HQC-256,encaps,773,1818624
HQC-256,encaps,774,1753088
HQC-256,encaps,775,1818624
HQC-256,encaps,776,1818624
HQC-256,encaps,777,1818624
HQC-256,encaps,778,1818624
HQC-256,encaps,779,1818624
HQC-256,encaps,780,1818624
HQC-256,encaps,781,1753088
HQC-256,encaps,782,1753088
HQC-256,encaps,783,1818624
HQC-256,encaps,784,1769472
HQC-256,encaps,785,1818624
HQC-256,encaps,786,1818624
HQC-256,encaps,787,1818624
HQC-256,encaps,788,1753088
HQC-256,encaps,789,1818624
HQC-256,encaps,790,1851392
HQC-256,encaps,791,1818624
HQC-256,encaps,792,1753088
HQC-256,encaps,793,1818624
HQC-256,encaps,794,1818624
HQC-256,encaps,795,1818624
HQC-256,encaps,796,1753088
HQC-256,encaps,797,1818624
HQC-256,encaps,798,1785856
HQC-256,encaps,799,1818624
HQC-256,encaps,800,1818624
HQC-256,encaps,801,1753088
HQC-256,encaps,802,1851392
HQC-256,encaps,803,1818624
HQC-256,encaps,804,1753088
HQC-256,encaps,805,1818624
HQC-256,encaps,806,1818624
HQC-256,encaps,807,1818624
HQC-256,encaps,808,1818624
HQC-256,encaps,809,1818624
HQC-256,encaps,810,1818624
HQC-256,encaps,811,1818624
HQC-256,encaps,812,1753088
HQC-256,encaps,813,1818624
HQC-256,encaps,814,1753088
HQC-256,encaps,815,1818624
HQC-256,encaps,816,1818624
HQC-256,encaps,817,1818624
HQC-256,encaps,818,1818624
HQC-256,encaps,819,1753088
HQC-256,encaps,820,1753088
HQC-256,encaps,821,1818624
HQC-256,encaps,822,1753088
HQC-256,encaps,823,1753088
HQC-256,encaps,824,1818624
HQC-256,encaps,825,1753088
HQC-256,encaps,826,1818624
HQC-256,encaps,827,1818624
HQC-256,encaps,828,1851392
HQC-256,encaps,829,1818624
HQC-256,encaps,830,1818624
HQC-256,encaps,831,1753088
HQC-256,encaps,832,1818624
HQC-256,encaps,833,1753088
HQC-256,encaps,834,1753088
HQC-256,encaps,835,1884160
HQC-256,encaps,836,1753088
HQC-256,encaps,837,1753088
HQC-256,encaps,838,1818624
HQC-256,encaps,839,1753088
HQC-256,encaps,840,1818624
HQC-256,encaps,841,1818624
HQC-256,encaps,842,1753088
HQC-256,encaps,843,1753088
HQC-256,encaps,844,1753088
HQC-256,encaps,845,1818624
HQC-256,encaps,846,1818624
HQC-256,encaps,847,1818624
HQC-256,encaps,848,1818624
HQC-256,encaps,849,1753088
HQC-256,encaps,850,1818624
HQC-256,encaps,851,1818624
HQC-256,encaps,852,1818624
HQC-256,encaps,853,1818624
HQC-256,encaps,854,1818624
HQC-256,encaps,855,1818624
HQC-256,encaps,856,1818624
HQC-256,encaps,857,1818624
HQC-256,encaps,858,1753088
HQC-256,encaps,859,1818624
HQC-256,encaps,860,1818624
HQC-256,encaps,861,1753088
HQC-256,encaps,862,1818624
HQC-256,encaps,863,1818624
HQC-256,encaps,864,1818624
HQC-256,encaps,865,1818624
HQC-256,encaps,866,1818624
HQC-256,encaps,867,1818624
HQC-256,encaps,868,1818624
HQC-256,encaps,869,1818624
HQC-256,encaps,870,1753088
HQC-256,encaps,871,1818624
HQC-256,encaps,872,1753088
HQC-256,encaps,873,1818624
HQC-256,encaps,874,1818624
HQC-256,encaps,875,1818624
HQC-256,encaps,876,1753088
HQC-256,encaps,877,1753088
HQC-256,encaps,878,1818624
HQC-256,encaps,879,1818624
HQC-256,encaps,880,1818624
HQC-256,encaps,881,1818624
HQC-256,encaps,882,1818624
HQC-256,encaps,883,1818624
HQC-256,encaps,884,1818624
HQC-256,encaps,885,1818624
HQC-256,encaps,886,1753088
HQC-256,encaps,887,1818624
HQC-256,encaps,888,1818624
HQC-256,encaps,889,1818624
HQC-256,encaps,890,1818624
HQC-256,encaps,891,1785856
HQC-256,encaps,892,1753088
HQC-256,encaps,893,1818624
HQC-256,encaps,894,1818624
HQC-256,encaps,895,1753088
HQC-256,encaps,896,1818624
HQC-256,encaps,897,1753088
HQC-256,encaps,898,1818624
HQC-256,encaps,899,1753088
HQC-256,encaps,900,1884160
HQC-256,encaps,901,1818624
HQC-256,encaps,902,1753088
HQC-256,encaps,903,1818624
HQC-256,encaps,904,1818624
HQC-256,encaps,905,1753088
HQC-256,encaps,906,1818624
HQC-256,encaps,907,1753088
HQC-256,encaps,908,1753088
HQC-256,encaps,909,1818624
HQC-256,encaps,910,1818624
HQC-256,encaps,911,1818624
HQC-256,encaps,912,1818624
HQC-256,encaps,913,1818624
HQC-256,encaps,914,1818624
HQC-256,encaps,915,1818624
HQC-256,encaps,916,1753088
HQC-256,encaps,917,1818624
HQC-256,encaps,918,1818624
HQC-256,encaps,919,1818624
HQC-256,encaps,920,1818624
HQC-256,encaps,921,1818624
HQC-256,encaps,922,1818624
HQC-256,encaps,923,1851392
HQC-256,encaps,924,1818624
HQC-256,encaps,925,1851392
HQC-256,encaps,926,1818624
HQC-256,encaps,927,1818624
HQC-256,encaps,928,1753088
HQC-256,encaps,929,1753088
HQC-256,encaps,930,1753088
HQC-256,encaps,931,1753088
HQC-256,encaps,932,1818624
HQC-256,encaps,933,1818624
HQC-256,encaps,934,1753088
HQC-256,encaps,935,1818624
HQC-256,encaps,936,1818624
HQC-256,encaps,937,1818624
HQC-256,encaps,938,1818624
HQC-256,encaps,939,1818624
HQC-256,encaps,940,1753088
HQC-256,encaps,941,1818624
HQC-256,encaps,942,1818624
HQC-256,encaps,943,1818624
HQC-256,encaps,944,1753088
HQC-256,encaps,945,1818624
HQC-256,encaps,946,1818624
HQC-256,encaps,947,1818624
HQC-256,encaps,948,1818624
HQC-256,encaps,949,1753088
HQC-256,encaps,950,1753088
HQC-256,encaps,951,1818624
HQC-256,encaps,952,1818624
HQC-256,encaps,953,1753088
HQC-256,encaps,954,1818624
HQC-256,encaps,955,1818624
HQC-256,encaps,956,1818624
HQC-256,encaps,957,1818624
HQC-256,encaps,958,1753088
HQC-256,encaps,959,1753088
HQC-256,encaps,960,1818624
HQC-256,encaps,961,1818624
HQC-256,encaps,962,1753088
HQC-256,encaps,963,1753088
HQC-256,encaps,964,1818624
HQC-256,encaps,965,1818624
HQC-256,encaps,966,1818624
HQC-256,encaps,967,1818624
HQC-256,encaps,968,1818624
HQC-256,encaps,969,1818624
HQC-256,encaps,970,1818624
HQC-256,encaps,971,1753088
HQC-256,encaps,972,1753088
HQC-256,encaps,973,1753088
HQC-256,encaps,974,1851392
HQC-256,encaps,975,1818624
HQC-256,encaps,976,1818624
HQC-256,encaps,977,1818624
HQC-256,encaps,978,1753088
HQC-256,encaps,979,1818624
HQC-256,encaps,980,1818624
HQC-256,encaps,981,1753088
HQC-256,encaps,982,1818624
HQC-256,encaps,983,1818624
HQC-256,encaps,984,1753088
HQC-256,encaps,985,1818624
HQC-256,encaps,986,1818624
HQC-256,encaps,987,1818624
HQC-256,encaps,988,1785856
HQC-256,encaps,989,1753088
HQC-256,encaps,990,1818624
HQC-256,encaps,991,1818624
HQC-256,encaps,992,1818624
HQC-256,encaps,993,1818624
HQC-256,encaps,994,1818624
HQC-256,encaps,995,1753088
HQC-256,encaps,996,1753088
HQC-256,encaps,997,1818624
HQC-256,encaps,998,1818624
HQC-256,encaps,999,1753088
HQC-256,encaps,1000,1753088
HQC-256,decaps,1,1802240
HQC-256,decaps,2,1835008
HQC-256,decaps,3,1835008
HQC-256,decaps,4,1802240
HQC-256,decaps,5,1802240
HQC-256,decaps,6,1835008
HQC-256,decaps,7,1802240
HQC-256,decaps,8,1835008
HQC-256,decaps,9,1802240
HQC-256,decaps,10,1802240
HQC-256,decaps,11,1835008
HQC-256,decaps,12,1802240
HQC-256,decaps,13,1802240
HQC-256,decaps,14,1835008
HQC-256,decaps,15,1802240
HQC-256,decaps,16,1802240
HQC-256,decaps,17,1802240
HQC-256,decaps,18,1769472
HQC-256,decaps,19,1835008
HQC-256,decaps,20,1900544
HQC-256,decaps,21,1835008
HQC-256,decaps,22,1802240
HQC-256,decaps,23,1835008
HQC-256,decaps,24,1802240
HQC-256,decaps,25,1802240
HQC-256,decaps,26,1835008
HQC-256,decaps,27,1802240
HQC-256,decaps,28,1835008
HQC-256,decaps,29,1802240
HQC-256,decaps,30,1835008
HQC-256,decaps,31,1802240
HQC-256,decaps,32,1802240
HQC-256,decaps,33,1802240
HQC-256,decaps,34,1802240
HQC-256,decaps,35,1769472
HQC-256,decaps,36,1802240
HQC-256,decaps,37,1835008
HQC-256,decaps,38,1802240
HQC-256,decaps,39,1802240
HQC-256,decaps,40,1802240
HQC-256,decaps,41,1835008
HQC-256,decaps,42,1835008
HQC-256,decaps,43,1835008
HQC-256,decaps,44,1867776
HQC-256,decaps,45,1802240
HQC-256,decaps,46,1802240
HQC-256,decaps,47,1802240
HQC-256,decaps,48,1835008
HQC-256,decaps,49,1835008
HQC-256,decaps,50,1802240
HQC-256,decaps,51,1769472
HQC-256,decaps,52,1802240
HQC-256,decaps,53,1867776
HQC-256,decaps,54,1835008
HQC-256,decaps,55,1835008
HQC-256,decaps,56,1802240
HQC-256,decaps,57,1802240
HQC-256,decaps,58,1835008
HQC-256,decaps,59,1802240
HQC-256,decaps,60,1835008
HQC-256,decaps,61,1802240
HQC-256,decaps,62,1802240
HQC-256,decaps,63,1802240
HQC-256,decaps,64,1802240
HQC-256,decaps,65,1802240
HQC-256,decaps,66,1802240
HQC-256,decaps,67,1802240
HQC-256,decaps,68,1835008
HQC-256,decaps,69,1769472
HQC-256,decaps,70,1802240
HQC-256,decaps,71,1802240
HQC-256,decaps,72,1835008
HQC-256,decaps,73,1802240
HQC-256,decaps,74,1835008
HQC-256,decaps,75,1835008
HQC-256,decaps,76,1802240
HQC-256,decaps,77,1802240
HQC-256,decaps,78,1802240
HQC-256,decaps,79,1835008
HQC-256,decaps,80,1851392
HQC-256,decaps,81,1835008
HQC-256,decaps,82,1802240
HQC-256,decaps,83,1802240
HQC-256,decaps,84,1769472
HQC-256,decaps,85,1802240
HQC-256,decaps,86,1802240
HQC-256,decaps,87,1835008
HQC-256,decaps,88,1769472
HQC-256,decaps,89,1802240
HQC-256,decaps,90,1835008
HQC-256,decaps,91,1802240
HQC-256,decaps,92,1802240
HQC-256,decaps,93,1769472
HQC-256,decaps,94,1802240
HQC-256,decaps,95,1802240
HQC-256,decaps,96,1802240
HQC-256,decaps,97,1802240
HQC-256,decaps,98,1835008
HQC-256,decaps,99,1802240
HQC-256,decaps,100,1802240
HQC-256,decaps,101,1835008
HQC-256,decaps,102,1835008
HQC-256,decaps,103,1802240
HQC-256,decaps,104,1835008
HQC-256,decaps,105,1769472
HQC-256,decaps,106,1835008
HQC-256,decaps,107,1802240
HQC-256,decaps,108,1802240
HQC-256,decaps,109,1802240
HQC-256,decaps,110,1802240
HQC-256,decaps,111,1835008
HQC-256,decaps,112,1802240
HQC-256,decaps,113,1802240
HQC-256,decaps,114,1802240
HQC-256,decaps,115,1835008
HQC-256,decaps,116,1835008
HQC-256,decaps,117,1802240
HQC-256,decaps,118,1835008
HQC-256,decaps,119,1835008
HQC-256,decaps,120,1769472
HQC-256,decaps,121,1802240
HQC-256,decaps,122,1769472
HQC-256,decaps,123,1802240
HQC-256,decaps,124,1835008
HQC-256,decaps,125,1802240
HQC-256,decaps,126,1769472
HQC-256,decaps,127,1835008
HQC-256,decaps,128,1802240
HQC-256,decaps,129,1802240
HQC-256,decaps,130,1802240
HQC-256,decaps,131,1802240
HQC-256,decaps,132,1802240
HQC-256,decaps,133,1835008
HQC-256,decaps,134,1835008
HQC-256,decaps,135,1835008
HQC-256,decaps,136,1802240
HQC-256,decaps,137,1835008
HQC-256,decaps,138,1835008
HQC-256,decaps,139,1802240
HQC-256,decaps,140,1835008
HQC-256,decaps,141,1835008
HQC-256,decaps,142,1835008
HQC-256,decaps,143,1835008
HQC-256,decaps,144,1835008
HQC-256,decaps,145,1835008
HQC-256,decaps,146,1769472
HQC-256,decaps,147,1835008
HQC-256,decaps,148,1802240
HQC-256,decaps,149,1802240
HQC-256,decaps,150,1835008
HQC-256,decaps,151,1802240
HQC-256,decaps,152,1802240
HQC-256,decaps,153,1802240
HQC-256,decaps,154,1802240
HQC-256,decaps,155,1802240
HQC-256,decaps,156,1769472
HQC-256,decaps,157,1835008
HQC-256,decaps,158,1835008
HQC-256,decaps,159,1769472
HQC-256,decaps,160,1802240
HQC-256,decaps,161,1802240
HQC-256,decaps,162,1835008
HQC-256,decaps,163,1802240
HQC-256,decaps,164,1802240
HQC-256,decaps,165,1835008
HQC-256,decaps,166,1802240
HQC-256,decaps,167,1802240
HQC-256,decaps,168,1835008
HQC-256,decaps,169,1835008
HQC-256,decaps,170,1835008
HQC-256,decaps,171,1835008
HQC-256,decaps,172,1802240
HQC-256,decaps,173,1802240
HQC-256,decaps,174,1802240
HQC-256,decaps,175,1835008
HQC-256,decaps,176,1802240
HQC-256,decaps,177,1835008
HQC-256,decaps,178,1802240
HQC-256,decaps,179,1802240
HQC-256,decaps,180,1835008
HQC-256,decaps,181,1835008
HQC-256,decaps,182,1835008
HQC-256,decaps,183,1802240
HQC-256,decaps,184,1802240
HQC-256,decaps,185,1835008
HQC-256,decaps,186,1802240
HQC-256,decaps,187,1835008
HQC-256,decaps,188,1884160
HQC-256,decaps,189,1835008
HQC-256,decaps,190,1802240
HQC-256,decaps,191,1835008
HQC-256,decaps,192,1835008
HQC-256,decaps,193,1835008
HQC-256,decaps,194,1802240
HQC-256,decaps,195,1802240
HQC-256,decaps,196,1802240
HQC-256,decaps,197,1802240
HQC-256,decaps,198,1802240
HQC-256,decaps,199,1835008
HQC-256,decaps,200,1802240
HQC-256,decaps,201,1835008
HQC-256,decaps,202,1802240
HQC-256,decaps,203,1835008
HQC-256,decaps,204,1802240
HQC-256,decaps,205,1802240
HQC-256,decaps,206,1835008
HQC-256,decaps,207,1802240
HQC-256,decaps,208,1835008
HQC-256,decaps,209,1835008
HQC-256,decaps,210,1835008
HQC-256,decaps,211,1802240
HQC-256,decaps,212,1802240
HQC-256,decaps,213,1802240
HQC-256,decaps,214,1802240
HQC-256,decaps,215,1835008
HQC-256,decaps,216,1802240
HQC-256,decaps,217,1802240
HQC-256,decaps,218,1802240
HQC-256,decaps,219,1802240
HQC-256,decaps,220,1802240
HQC-256,decaps,221,1802240
HQC-256,decaps,222,1802240
HQC-256,decaps,223,1802240
HQC-256,decaps,224,1802240
HQC-256,decaps,225,1802240
HQC-256,decaps,226,1802240
HQC-256,decaps,227,1835008
HQC-256,decaps,228,1802240
HQC-256,decaps,229,1802240
HQC-256,decaps,230,1802240
HQC-256,decaps,231,1802240
HQC-256,decaps,232,1802240
HQC-256,decaps,233,1802240
HQC-256,decaps,234,1802240
HQC-256,decaps,235,1769472
HQC-256,decaps,236,1802240
HQC-256,decaps,237,1867776
HQC-256,decaps,238,1900544
HQC-256,decaps,239,1802240
HQC-256,decaps,240,1835008
HQC-256,decaps,241,1835008
HQC-256,decaps,242,1802240
HQC-256,decaps,243,1802240
HQC-256,decaps,244,1835008
HQC-256,decaps,245,1769472
HQC-256,decaps,246,1802240
HQC-256,decaps,247,1802240
HQC-256,decaps,248,1802240
HQC-256,decaps,249,1802240
HQC-256,decaps,250,1802240
HQC-256,decaps,251,1802240
HQC-256,decaps,252,1802240
HQC-256,decaps,253,1802240
HQC-256,decaps,254,1802240
HQC-256,decaps,255,1802240
HQC-256,decaps,256,1835008
HQC-256,decaps,257,1835008
HQC-256,decaps,258,1802240
HQC-256,decaps,259,1835008
HQC-256,decaps,260,1835008
HQC-256,decaps,261,1835008
HQC-256,decaps,262,1802240
HQC-256,decaps,263,1802240
HQC-256,decaps,264,1835008
HQC-256,decaps,265,1835008
HQC-256,decaps,266,1769472
HQC-256,decaps,267,1802240
HQC-256,decaps,268,1835008
HQC-256,decaps,269,1835008
HQC-256,decaps,270,1802240
HQC-256,decaps,271,1867776
HQC-256,decaps,272,1835008
HQC-256,decaps,273,1835008
HQC-256,decaps,274,1802240
HQC-256,decaps,275,1835008
HQC-256,decaps,276,1835008
HQC-256,decaps,277,1867776
HQC-256,decaps,278,1867776
HQC-256,decaps,279,1802240
HQC-256,decaps,280,1900544
HQC-256,decaps,281,1835008
HQC-256,decaps,282,1802240
HQC-256,decaps,283,1802240
HQC-256,decaps,284,1802240
HQC-256,decaps,285,1802240
HQC-256,decaps,286,1802240
HQC-256,decaps,287,1835008
HQC-256,decaps,288,1802240
HQC-256,decaps,289,1802240
HQC-256,decaps,290,1802240
HQC-256,decaps,291,1835008
HQC-256,decaps,292,1835008
HQC-256,decaps,293,1802240
HQC-256,decaps,294,1802240
HQC-256,decaps,295,1900544
HQC-256,decaps,296,1835008
HQC-256,decaps,297,1802240
HQC-256,decaps,298,1835008
HQC-256,decaps,299,1802240
HQC-256,decaps,300,1802240
HQC-256,decaps,301,1802240
HQC-256,decaps,302,1835008
HQC-256,decaps,303,1835008
HQC-256,decaps,304,1835008
HQC-256,decaps,305,1802240
HQC-256,decaps,306,1835008
HQC-256,decaps,307,1835008
HQC-256,decaps,308,1802240
HQC-256,decaps,309,1867776
HQC-256,decaps,310,1867776
HQC-256,decaps,311,1835008
HQC-256,decaps,312,1802240
HQC-256,decaps,313,1835008
HQC-256,decaps,314,1835008
HQC-256,decaps,315,1835008
HQC-256,decaps,316,1802240
HQC-256,decaps,317,1835008
HQC-256,decaps,318,1802240
HQC-256,decaps,319,1802240
HQC-256,decaps,320,1802240
HQC-256,decaps,321,1769472
HQC-256,decaps,322,1835008
HQC-256,decaps,323,1835008
HQC-256,decaps,324,1867776
HQC-256,decaps,325,1802240
HQC-256,decaps,326,1802240
HQC-256,decaps,327,1835008
HQC-256,decaps,328,1835008
HQC-256,decaps,329,1835008
HQC-256,decaps,330,1802240
HQC-256,decaps,331,1802240
HQC-256,decaps,332,1802240
HQC-256,decaps,333,1835008
HQC-256,decaps,334,1802240
HQC-256,decaps,335,1802240
HQC-256,decaps,336,1835008
HQC-256,decaps,337,1835008
HQC-256,decaps,338,1769472
HQC-256,decaps,339,1835008
HQC-256,decaps,340,1802240
HQC-256,decaps,341,1835008
HQC-256,decaps,342,1835008
HQC-256,decaps,343,1802240
HQC-256,decaps,344,1835008
HQC-256,decaps,345,1802240
HQC-256,decaps,346,1835008
HQC-256,decaps,347,1867776
HQC-256,decaps,348,1802240
HQC-256,decaps,349,1802240
HQC-256,decaps,350,1802240
HQC-256,decaps,351,1769472
HQC-256,decaps,352,1802240
HQC-256,decaps,353,1867776
HQC-256,decaps,354,1835008
HQC-256,decaps,355,1835008
HQC-256,decaps,356,1835008
HQC-256,decaps,357,1802240
HQC-256,decaps,358,1769472
HQC-256,decaps,359,1802240
HQC-256,decaps,360,1802240
HQC-256,decaps,361,1802240
HQC-256,decaps,362,1802240
HQC-256,decaps,363,1835008
HQC-256,decaps,364,1835008
HQC-256,decaps,365,1802240
HQC-256,decaps,366,1835008
HQC-256,decaps,367,1835008
HQC-256,decaps,368,1835008
HQC-256,decaps,369,1835008
HQC-256,decaps,370,1802240
HQC-256,decaps,371,1802240
HQC-256,decaps,372,1835008
HQC-256,decaps,373,1835008
HQC-256,decaps,374,1835008
HQC-256,decaps,375,1835008
HQC-256,decaps,376,1802240
HQC-256,decaps,377,1802240
HQC-256,decaps,378,1769472
HQC-256,decaps,379,1835008
HQC-256,decaps,380,1835008
HQC-256,decaps,381,1802240
HQC-256,decaps,382,1835008
HQC-256,decaps,383,1802240
HQC-256,decaps,384,1802240
HQC-256,decaps,385,1835008
HQC-256,decaps,386,1802240
HQC-256,decaps,387,1835008
HQC-256,decaps,388,1835008
HQC-256,decaps,389,1835008
HQC-256,decaps,390,1802240
HQC-256,decaps,391,1802240
HQC-256,decaps,392,1769472
HQC-256,decaps,393,1835008
HQC-256,decaps,394,1802240
HQC-256,decaps,395,1835008
HQC-256,decaps,396,1835008
HQC-256,decaps,397,1802240
HQC-256,decaps,398,1802240
HQC-256,decaps,399,1835008
HQC-256,decaps,400,1802240
HQC-256,decaps,401,1802240
HQC-256,decaps,402,1835008
HQC-256,decaps,403,1802240
HQC-256,decaps,404,1835008
HQC-256,decaps,405,1802240
HQC-256,decaps,406,1802240
HQC-256,decaps,407,1802240
HQC-256,decaps,408,1769472
HQC-256,decaps,409,1802240
HQC-256,decaps,410,1835008
HQC-256,decaps,411,1802240
HQC-256,decaps,412,1802240
HQC-256,decaps,413,1802240
HQC-256,decaps,414,1802240
HQC-256,decaps,415,1835008
HQC-256,decaps,416,1835008
HQC-256,decaps,417,1802240
HQC-256,decaps,418,1802240
HQC-256,decaps,419,1802240
HQC-256,decaps,420,1802240
HQC-256,decaps,421,1802240
HQC-256,decaps,422,1835008
HQC-256,decaps,423,1802240
HQC-256,decaps,424,1802240
HQC-256,decaps,425,1835008
HQC-256,decaps,426,1769472
HQC-256,decaps,427,1802240
HQC-256,decaps,428,1835008
HQC-256,decaps,429,1802240
HQC-256,decaps,430,1835008
HQC-256,decaps,431,1802240
HQC-256,decaps,432,1835008
HQC-256,decaps,433,1835008
HQC-256,decaps,434,1802240
HQC-256,decaps,435,1802240
HQC-256,decaps,436,1802240
HQC-256,decaps,437,1802240
HQC-256,decaps,438,1769472
HQC-256,decaps,439,1835008
HQC-256,decaps,440,1802240
HQC-256,decaps,441,1802240
HQC-256,decaps,442,1769472
HQC-256,decaps,443,1802240
HQC-256,decaps,444,1835008
HQC-256,decaps,445,1802240
HQC-256,decaps,446,1802240
HQC-256,decaps,447,1835008
HQC-256,decaps,448,1835008
HQC-256,decaps,449,1802240
HQC-256,decaps,450,1835008
HQC-256,decaps,451,1802240
HQC-256,decaps,452,1835008
HQC-256,decaps,453,1835008
HQC-256,decaps,454,1802240
HQC-256,decaps,455,1802240
HQC-256,decaps,456,1835008
HQC-256,decaps,457,1835008
HQC-256,decaps,458,1802240
HQC-256,decaps,459,1802240
HQC-256,decaps,460,1802240
HQC-256,decaps,461,1802240
HQC-256,decaps,462,1835008
HQC-256,decaps,463,1835008
HQC-256,decaps,464,1802240
HQC-256,decaps,465,1802240
HQC-256,decaps,466,1835008
HQC-256,decaps,467,1835008
HQC-256,decaps,468,1802240
HQC-256,decaps,469,1802240
HQC-256,decaps,470,1802240
HQC-256,decaps,471,1802240
HQC-256,decaps,472,1802240
HQC-256,decaps,473,1835008
HQC-256,decaps,474,1835008
HQC-256,decaps,475,1835008
HQC-256,decaps,476,1835008
HQC-256,decaps,477,1802240
HQC-256,decaps,478,1802240
HQC-256,decaps,479,1835008
HQC-256,decaps,480,1835008
HQC-256,decaps,481,1802240
HQC-256,decaps,482,1802240
HQC-256,decaps,483,1835008
HQC-256,decaps,484,1835008
HQC-256,decaps,485,1835008
HQC-256,decaps,486,1802240
HQC-256,decaps,487,1802240
HQC-256,decaps,488,1802240
HQC-256,decaps,489,1867776
HQC-256,decaps,490,1835008
HQC-256,decaps,491,1802240
HQC-256,decaps,492,1802240
HQC-256,decaps,493,1835008
HQC-256,decaps,494,1802240
HQC-256,decaps,495,1769472
HQC-256,decaps,496,1802240
HQC-256,decaps,497,1835008
HQC-256,decaps,498,1769472
HQC-256,decaps,499,1802240
HQC-256,decaps,500,1802240
HQC-256,decaps,501,1835008
HQC-256,decaps,502,1802240
HQC-256,decaps,503,1802240
HQC-256,decaps,504,1802240
HQC-256,decaps,505,1769472
HQC-256,decaps,506,1769472
HQC-256,decaps,507,1802240
HQC-256,decaps,508,1802240
HQC-256,decaps,509,1835008
HQC-256,decaps,510,1802240
HQC-256,decaps,511,1835008
HQC-256,decaps,512,1835008
HQC-256,decaps,513,1802240
HQC-256,decaps,514,1802240
HQC-256,decaps,515,1835008
HQC-256,decaps,516,1802240
HQC-256,decaps,517,1835008
HQC-256,decaps,518,1802240
HQC-256,decaps,519,1802240
HQC-256,decaps,520,1802240
HQC-256,decaps,521,1802240
HQC-256,decaps,522,1802240
HQC-256,decaps,523,1802240
HQC-256,decaps,524,1802240
HQC-256,decaps,525,1835008
HQC-256,decaps,526,1769472
HQC-256,decaps,527,1802240
HQC-256,decaps,528,1802240
HQC-256,decaps,529,1835008
HQC-256,decaps,530,1835008
HQC-256,decaps,531,1802240
HQC-256,decaps,532,1835008
HQC-256,decaps,533,1769472
HQC-256,decaps,534,1835008
HQC-256,decaps,535,1835008
HQC-256,decaps,536,1802240
HQC-256,decaps,537,1802240
HQC-256,decaps,538,1802240
HQC-256,decaps,539,1835008
HQC-256,decaps,540,1835008
HQC-256,decaps,541,1835008
HQC-256,decaps,542,1835008
HQC-256,decaps,543,1835008
HQC-256,decaps,544,1802240
HQC-256,decaps,545,1802240
HQC-256,decaps,546,1835008
HQC-256,decaps,547,1802240
HQC-256,decaps,548,1802240
HQC-256,decaps,549,1769472
HQC-256,decaps,550,1802240
HQC-256,decaps,551,1802240
HQC-256,decaps,552,1802240
HQC-256,decaps,553,1802240
HQC-256,decaps,554,1802240
HQC-256,decaps,555,1769472
HQC-256,decaps,556,1802240
HQC-256,decaps,557,1802240
HQC-256,decaps,558,1802240
HQC-256,decaps,559,1835008
HQC-256,decaps,560,1802240
HQC-256,decaps,561,1802240
HQC-256,decaps,562,1802240
HQC-256,decaps,563,1835008
HQC-256,decaps,564,1802240
HQC-256,decaps,565,1900544
HQC-256,decaps,566,1835008
HQC-256,decaps,567,1802240
HQC-256,decaps,568,1802240
HQC-256,decaps,569,1802240
HQC-256,decaps,570,1835008
HQC-256,decaps,571,1802240
HQC-256,decaps,572,1802240
HQC-256,decaps,573,1835008
HQC-256,decaps,574,1802240
HQC-256,decaps,575,1802240
HQC-256,decaps,576,1835008
HQC-256,decaps,577,1835008
HQC-256,decaps,578,1802240
HQC-256,decaps,579,1802240
HQC-256,decaps,580,1802240
HQC-256,decaps,581,1835008
HQC-256,decaps,582,1835008
HQC-256,decaps,583,1835008
HQC-256,decaps,584,1835008
HQC-256,decaps,585,1835008
HQC-256,decaps,586,1802240
HQC-256,decaps,587,1802240
HQC-256,decaps,588,1802240
HQC-256,decaps,589,1802240
HQC-256,decaps,590,1802240
HQC-256,decaps,591,1802240
HQC-256,decaps,592,1835008
HQC-256,decaps,593,1802240
HQC-256,decaps,594,1867776
HQC-256,decaps,595,1802240
HQC-256,decaps,596,1802240
HQC-256,decaps,597,1835008
HQC-256,decaps,598,1802240
HQC-256,decaps,599,1802240
HQC-256,decaps,600,1835008
HQC-256,decaps,601,1769472
HQC-256,decaps,602,1835008
HQC-256,decaps,603,1835008
HQC-256,decaps,604,1802240
HQC-256,decaps,605,1835008
HQC-256,decaps,606,1802240
HQC-256,decaps,607,1802240
HQC-256,decaps,608,1835008
HQC-256,decaps,609,1802240
HQC-256,decaps,610,1769472
HQC-256,decaps,611,1769472
HQC-256,decaps,612,1802240
HQC-256,decaps,613,1835008
HQC-256,decaps,614,1802240
HQC-256,decaps,615,1835008
HQC-256,decaps,616,1835008
HQC-256,decaps,617,1769472
HQC-256,decaps,618,1802240
HQC-256,decaps,619,1835008
HQC-256,decaps,620,1802240
HQC-256,decaps,621,1835008
HQC-256,decaps,622,1802240
HQC-256,decaps,623,1802240
HQC-256,decaps,624,1835008
HQC-256,decaps,625,1835008
HQC-256,decaps,626,1802240
HQC-256,decaps,627,1835008
HQC-256,decaps,628,1769472
HQC-256,decaps,629,1835008
HQC-256,decaps,630,1835008
HQC-256,decaps,631,1802240
HQC-256,decaps,632,1835008
HQC-256,decaps,633,1802240
HQC-256,decaps,634,1835008
HQC-256,decaps,635,1802240
HQC-256,decaps,636,1802240
HQC-256,decaps,637,1835008
HQC-256,decaps,638,1802240
HQC-256,decaps,639,1835008
HQC-256,decaps,640,1802240
HQC-256,decaps,641,1835008
HQC-256,decaps,642,1802240
HQC-256,decaps,643,1835008
HQC-256,decaps,644,1835008
HQC-256,decaps,645,1802240
HQC-256,decaps,646,1835008
HQC-256,decaps,647,1835008
HQC-256,decaps,648,1835008
HQC-256,decaps,649,1835008
HQC-256,decaps,650,1802240
HQC-256,decaps,651,1802240
HQC-256,decaps,652,1835008
HQC-256,decaps,653,1802240
HQC-256,decaps,654,1835008
HQC-256,decaps,655,1835008
HQC-256,decaps,656,1802240
HQC-256,decaps,657,1802240
HQC-256,decaps,658,1802240
HQC-256,decaps,659,1802240
HQC-256,decaps,660,1835008
HQC-256,decaps,661,1835008
HQC-256,decaps,662,1835008
HQC-256,decaps,663,1835008
HQC-256,decaps,664,1835008
HQC-256,decaps,665,1835008
HQC-256,decaps,666,1835008
HQC-256,decaps,667,1802240
HQC-256,decaps,668,1802240
HQC-256,decaps,669,1835008
HQC-256,decaps,670,1835008
HQC-256,decaps,671,1802240
HQC-256,decaps,672,1802240
HQC-256,decaps,673,1802240
HQC-256,decaps,674,1769472
HQC-256,decaps,675,1802240
HQC-256,decaps,676,1835008
HQC-256,decaps,677,1802240
HQC-256,decaps,678,1835008
HQC-256,decaps,679,1802240
HQC-256,decaps,680,1802240
HQC-256,decaps,681,1835008
HQC-256,decaps,682,1835008
HQC-256,decaps,683,1835008
HQC-256,decaps,684,1900544
HQC-256,decaps,685,1802240
HQC-256,decaps,686,1802240
HQC-256,decaps,687,1802240
HQC-256,decaps,688,1835008
HQC-256,decaps,689,1835008
HQC-256,decaps,690,1802240
HQC-256,decaps,691,1802240
HQC-256,decaps,692,1835008
HQC-256,decaps,693,1835008
HQC-256,decaps,694,1835008
HQC-256,decaps,695,1802240
HQC-256,decaps,696,1802240
HQC-256,decaps,697,1802240
HQC-256,decaps,698,1802240
HQC-256,decaps,699,1769472
HQC-256,decaps,700,1835008
HQC-256,decaps,701,1802240
HQC-256,decaps,702,1867776
HQC-256,decaps,703,1835008
HQC-256,decaps,704,1835008
HQC-256,decaps,705,1835008
HQC-256,decaps,706,1802240
HQC-256,decaps,707,1835008
HQC-256,decaps,708,1835008
HQC-256,decaps,709,1835008
HQC-256,decaps,710,1835008
HQC-256,decaps,711,1835008
HQC-256,decaps,712,1802240
HQC-256,decaps,713,1802240
HQC-256,decaps,714,1802240
HQC-256,decaps,715,1802240
HQC-256,decaps,716,1802240
HQC-256,decaps,717,1835008
HQC-256,decaps,718,1802240
HQC-256,decaps,719,1802240
HQC-256,decaps,720,1802240
HQC-256,decaps,721,1835008
HQC-256,decaps,722,1835008
HQC-256,decaps,723,1835008
HQC-256,decaps,724,1802240
HQC-256,decaps,725,1802240
HQC-256,decaps,726,1802240
HQC-256,decaps,727,1835008
HQC-256,decaps,728,1802240
HQC-256,decaps,729,1835008
HQC-256,decaps,730,1802240
HQC-256,decaps,731,1835008
HQC-256,decaps,732,1802240
HQC-256,decaps,733,1835008
HQC-256,decaps,734,1802240
HQC-256,decaps,735,1835008
HQC-256,decaps,736,1802240
HQC-256,decaps,737,1802240
HQC-256,decaps,738,1802240
HQC-256,decaps,739,1802240
HQC-256,decaps,740,1802240
HQC-256,decaps,741,1802240
HQC-256,decaps,742,1835008
HQC-256,decaps,743,1802240
HQC-256,decaps,744,1802240
HQC-256,decaps,745,1835008
HQC-256,decaps,746,1835008
HQC-256,decaps,747,1802240
HQC-256,decaps,748,1802240
HQC-256,decaps,749,1835008
HQC-256,decaps,750,1835008
HQC-256,decaps,751,1802240
HQC-256,decaps,752,1769472
HQC-256,decaps,753,1835008
HQC-256,decaps,754,1835008
HQC-256,decaps,755,1802240
HQC-256,decaps,756,1802240
HQC-256,decaps,757,1835008
HQC-256,decaps,758,1802240
HQC-256,decaps,759,1802240
HQC-256,decaps,760,1835008
HQC-256,decaps,761,1802240
HQC-256,decaps,762,1802240
HQC-256,decaps,763,1802240
HQC-256,decaps,764,1835008
HQC-256,decaps,765,1835008
HQC-256,decaps,766,1802240
HQC-256,decaps,767,1835008
HQC-256,decaps,768,1835008
HQC-256,decaps,769,1802240
HQC-256,decaps,770,1802240
HQC-256,decaps,771,1802240
HQC-256,decaps,772,1802240
HQC-256,decaps,773,1802240
HQC-256,decaps,774,1802240
HQC-256,decaps,775,1769472
HQC-256,decaps,776,1835008
HQC-256,decaps,777,1802240
HQC-256,decaps,778,1802240
HQC-256,decaps,779,1835008
HQC-256,decaps,780,1835008
HQC-256,decaps,781,1802240
HQC-256,decaps,782,1802240
HQC-256,decaps,783,1802240
HQC-256,decaps,784,1802240
HQC-256,decaps,785,1802240
HQC-256,decaps,786,1802240
HQC-256,decaps,787,1769472
HQC-256,decaps,788,1802240
HQC-256,decaps,789,1802240
HQC-256,decaps,790,1802240
HQC-256,decaps,791,1802240
HQC-256,decaps,792,1802240
HQC-256,decaps,793,1802240
HQC-256,decaps,794,1802240
HQC-256,decaps,795,1835008
HQC-256,decaps,796,1867776
HQC-256,decaps,797,1835008
HQC-256,decaps,798,1835008
HQC-256,decaps,799,1802240
HQC-256,decaps,800,1835008
HQC-256,decaps,801,1802240
HQC-256,decaps,802,1835008
HQC-256,decaps,803,1769472
HQC-256,decaps,804,1835008
HQC-256,decaps,805,1802240
HQC-256,decaps,806,1802240
HQC-256,decaps,807,1802240
HQC-256,decaps,808,1802240
HQC-256,decaps,809,1835008
HQC-256,decaps,810,1802240
HQC-256,decaps,811,1802240
HQC-256,decaps,812,1802240
HQC-256,decaps,813,1802240
HQC-256,decaps,814,1835008
HQC-256,decaps,815,1802240
HQC-256,decaps,816,1802240
HQC-256,decaps,817,1802240
HQC-256,decaps,818,1802240
HQC-256,decaps,819,1867776
HQC-256,decaps,820,1835008
HQC-256,decaps,821,1769472
HQC-256,decaps,822,1835008
HQC-256,decaps,823,1802240
HQC-256,decaps,824,1835008
HQC-256,decaps,825,1802240
HQC-256,decaps,826,1769472
HQC-256,decaps,827,1802240
HQC-256,decaps,828,1802240
HQC-256,decaps,829,1802240
HQC-256,decaps,830,1802240
HQC-256,decaps,831,1835008
HQC-256,decaps,832,1802240
HQC-256,decaps,833,1802240
HQC-256,decaps,834,1769472
HQC-256,decaps,835,1835008
HQC-256,decaps,836,1802240
HQC-256,decaps,837,1769472
HQC-256,decaps,838,1802240
HQC-256,decaps,839,1769472
HQC-256,decaps,840,1802240
HQC-256,decaps,841,1835008
HQC-256,decaps,842,1835008
HQC-256,decaps,843,1835008
HQC-256,decaps,844,1835008
HQC-256,decaps,845,1802240
HQC-256,decaps,846,1835008
HQC-256,decaps,847,1835008
HQC-256,decaps,848,1802240
HQC-256,decaps,849,1802240
HQC-256,decaps,850,1802240
HQC-256,decaps,851,1802240
HQC-256,decaps,852,1802240
HQC-256,decaps,853,1802240
HQC-256,decaps,854,1835008
HQC-256,decaps,855,1802240
HQC-256,decaps,856,1802240
HQC-256,decaps,857,1835008
HQC-256,decaps,858,1802240
HQC-256,decaps,859,1802240
HQC-256,decaps,860,1835008
HQC-256,decaps,861,1835008
HQC-256,decaps,862,1835008
HQC-256,decaps,863,1769472
HQC-256,decaps,864,1835008
HQC-256,decaps,865,1835008
HQC-256,decaps,866,1802240
HQC-256,decaps,867,1835008
HQC-256,decaps,868,1802240
HQC-256,decaps,869,1769472
HQC-256,decaps,870,1835008
HQC-256,decaps,871,1802240
HQC-256,decaps,872,1802240
HQC-256,decaps,873,1802240
HQC-256,decaps,874,1802240
HQC-256,decaps,875,1802240
HQC-256,decaps,876,1802240
HQC-256,decaps,877,1802240
HQC-256,decaps,878,1802240
HQC-256,decaps,879,1802240
HQC-256,decaps,880,1802240
HQC-256,decaps,881,1802240
HQC-256,decaps,882,1835008
HQC-256,decaps,883,1835008
HQC-256,decaps,884,1802240
HQC-256,decaps,885,1802240
HQC-256,decaps,886,1802240
HQC-256,decaps,887,1835008
HQC-256,decaps,888,1802240
HQC-256,decaps,889,1835008
HQC-256,decaps,890,1835008
HQC-256,decaps,891,1802240
HQC-256,decaps,892,1802240
HQC-256,decaps,893,1835008
HQC-256,decaps,894,1835008
HQC-256,decaps,895,1802240
HQC-256,decaps,896,1835008
HQC-256,decaps,897,1835008
HQC-256,decaps,898,1835008
HQC-256,decaps,899,1835008
HQC-256,decaps,900,1802240
HQC-256,decaps,901,1802240
HQC-256,decaps,902,1769472
HQC-256,decaps,903,1835008
HQC-256,decaps,904,1802240
HQC-256,decaps,905,1867776
HQC-256,decaps,906,1802240
HQC-256,decaps,907,1802240
HQC-256,decaps,908,1802240
HQC-256,decaps,909,1802240
HQC-256,decaps,910,1835008
HQC-256,decaps,911,1835008
HQC-256,decaps,912,1835008
HQC-256,decaps,913,1802240
HQC-256,decaps,914,1802240
HQC-256,decaps,915,1802240
HQC-256,decaps,916,1802240
HQC-256,decaps,917,1835008
HQC-256,decaps,918,1802240
HQC-256,decaps,919,1835008
HQC-256,decaps,920,1802240
HQC-256,decaps,921,1802240
HQC-256,decaps,922,1802240
HQC-256,decaps,923,1802240
HQC-256,decaps,924,1835008
HQC-256,decaps,925,1802240
HQC-256,decaps,926,1835008
HQC-256,decaps,927,1802240
HQC-256,decaps,928,1769472
HQC-256,decaps,929,1769472
HQC-256,decaps,930,1835008
HQC-256,decaps,931,1802240
HQC-256,decaps,932,1835008
HQC-256,decaps,933,1802240
HQC-256,decaps,934,1835008
HQC-256,decaps,935,1802240
HQC-256,decaps,936,1835008
HQC-256,decaps,937,1769472
HQC-256,decaps,938,1802240
HQC-256,decaps,939,1802240
HQC-256,decaps,940,1802240
HQC-256,decaps,941,1802240
HQC-256,decaps,942,1802240
HQC-256,decaps,943,1802240
HQC-256,decaps,944,1802240
HQC-256,decaps,945,1835008
HQC-256,decaps,946,1769472
HQC-256,decaps,947,1835008
HQC-256,decaps,948,1867776
HQC-256,decaps,949,1835008
HQC-256,decaps,950,1835008
HQC-256,decaps,951,1835008
HQC-256,decaps,952,1867776
HQC-256,decaps,953,1802240
HQC-256,decaps,954,1802240
HQC-256,decaps,955,1802240
HQC-256,decaps,956,1802240
HQC-256,decaps,957,1802240
HQC-256,decaps,958,1835008
HQC-256,decaps,959,1802240
HQC-256,decaps,960,1802240
HQC-256,decaps,961,1802240
HQC-256,decaps,962,1802240
HQC-256,decaps,963,1802240
HQC-256,decaps,964,1802240
HQC-256,decaps,965,1835008
HQC-256,decaps,966,1802240
HQC-256,decaps,967,1835008
HQC-256,decaps,968,1802240
HQC-256,decaps,969,1802240
HQC-256,decaps,970,1835008
HQC-256,decaps,971,1835008
HQC-256,decaps,972,1802240
HQC-256,decaps,973,1802240
HQC-256,decaps,974,1835008
HQC-256,decaps,975,1802240
HQC-256,decaps,976,1835008
HQC-256,decaps,977,1835008
HQC-256,decaps,978,1835008
HQC-256,decaps,979,1802240
HQC-256,decaps,980,1802240
HQC-256,decaps,981,1769472
HQC-256,decaps,982,1802240
HQC-256,decaps,983,1802240
HQC-256,decaps,984,1835008
HQC-256,decaps,985,1769472
HQC-256,decaps,986,1802240
HQC-256,decaps,987,1835008
HQC-256,decaps,988,1802240
HQC-256,decaps,989,1802240
HQC-256,decaps,990,1835008
HQC-256,decaps,991,1835008
HQC-256,decaps,992,1835008
HQC-256,decaps,993,1802240
HQC-256,decaps,994,1835008
HQC-256,decaps,995,1769472
HQC-256,decaps,996,1802240
HQC-256,decaps,997,1835008
HQC-256,decaps,998,1802240
HQC-256,decaps,999,1835008
HQC-256,decaps,1000,1835008
